0.1,-1.1401605050058544e-07,4.8629445472647175e-08,9.920406876420025e-09,-1.15634929749824e-08,8.580006930102113e-10,-9.074072514142784
0.2,-7.760139816793313e-08,4.107613622196908e-08,8.379531789281692e-09,-1.9422088969056466e-08,-9.612874670992963e-09,-18.135697763976175
0.30000000000000004,-4.518377102040414e-08,2.96594173203496e-08,6.050521133351319e-09,-2.398492319498338e-08,-3.742091511894026e-08,-27.184892834745323
0.4,-1.9948892269548172e-08,1.5500028974912435e-08,3.162005910882137e-09,-2.5983811521303587e-08,-8.389517060344213e-08,-36.221674785122595
0.5,-4.379747831721971e-09,-3.400917045648127e-11,-6.937870773122179e-12,-2.6401651726152023e-08,-1.4761966985961545e-07,-45.24606064655207
0.6000000000000001,-1.0394136446655428e-11,-1.546058983655856e-08,-3.1539603266579465e-09,-2.6375928557112963e-08,-2.268914577724781e-07,-54.2580674229676
0.7000000000000001,-7.273253944055859e-09,-2.9323642578397044e-08,-5.982023085992998e-09,-2.7086829370339872e-08,-3.2235713564745506e-07,-63.257712090903475
0.8,-2.5455406590782987e-08,-4.032746168972366e-08,-8.226802184703627e-09,-2.9641040161473246e-08,-4.394494759562803e-07,-72.24501159998066
0.9,-5.276843537472091e-08,-4.7453796976248535e-08,-9.680574583154703e-09,-3.4962743321215276e-08,-5.90261877115173e-07,-81.21998287372023
1.0,-8.65249529686691e-08,-5.0052301702136405e-08,-1.0210669547235828e-08,-4.3702629061251085e-08,-7.945626708870674e-07,-90.18264281060864
1.1,-1.234041817327688e-07,-4.789743254918093e-08,-9.771076240032911e-09,-5.6173934131104987e-08,-1.0797562786373413e-06,-99.13300828532086
1.2000000000000002,-1.597800358230726e-07,-4.1207639292200964e-08,-8.406358415608997e-09,-7.232181929295203e-08,-1.4797314022018613e-06,-108.07109614999541
1.3,-1.9207894977182329e-07,-3.06255189203838e-08,-6.247605859758296e-09,-9.172906862166209e-08,-2.032681588009027e-06,-116.9969232354523
1.4000000000000001,-2.1713183959112655e-07,-1.7160454366136955e-08,-3.500732690691939e-09,-1.1365747879006496e-07,-2.778122630779257e-06,-125.91050635224856
1.5,-2.3248532694626481e-07,-2.0980526663247177e-09,-4.2800274393024247e-10,-1.371207707761095e-07,-3.7534468355140182e-06,-134.8118622914791
1.6,-2.3664159010573994e-07,1.311663606813833e-08,2.6757937579002195e-09,-1.6098175358741135e-07,-4.990431158374907e-06,-143.70100782524946
1.7000000000000002,-2.292034606735614e-07,2.701273173515499e-08,5.510597273971618e-09,-1.8406410566612366e-07,-6.512144131072419e-06,-152.57795970677432
1.8,-2.1091090034824395e-07,3.823264069630175e-08,7.799458702045556e-09,-2.0526774304817167e-07,-8.330670394861867e-06,-161.44273467008628
1.9000000000000001,-1.8356579262893226e-07,4.566412967537494e-08,9.315482453776488e-09,-2.2367644350774616e-07,-1.0445993153051446e-05,-170.29534942937553
2.0,-1.4985298496758814e-07,4.85525919257484e-08,9.904728752852673e-09,-2.3864721202862117e-07,-1.2846251691989557e-05,-179.13582067801644
2.1,-1.1307563010595783e-07,4.658174368038122e-08,9.50267571079777e-09,-2.4987271394685265e-07,-1.5509436565499497e-05,-187.9641650873694
2.2,-7.683111942541158e-08,3.991332182409672e-08,8.142317652115732e-09,-2.574107774553291e-07,-1.840641632282989e-05,-196.7803993054734
2.3000000000000003,-4.465949453617723e-08,2.9179950961093247e-08,5.952709996063023e-09,-2.616782072018827e-07,-2.150502608573362e-05,-205.58453995576033
2.4000000000000004,-1.9698658077455095e-08,1.5429943381940154e-08,3.1477084499157918e-09,-2.6340963451658903e-07,-2.4774809034734914e-05,-214.3766036359255
2.5,-4.379790810507471e-09,2.7931153625579456e-11,5.69795533961821e-12,-2.6358551745634396e-07,-2.8191903844154968e-05,-223.15660691707765
2.6,-1.9225866180757032e-10,-1.5479694940099086e-08,-3.157857767780214e-09,-2.6333636987152727e-07,-3.1743526973335836e-05,-231.924566343267
2.7,-7.540405826464158e-09,-2.9521211479111277e-08,-6.022327141738701e-09,-2.6383256310355563e-07,-3.543151542201917e-05,-240.6804984314513
2.8000000000000003,-2.570567709226328e-08,-4.066151607264227e-08,-8.294949278819024e-09,-2.6617039791206355e-07,-3.92744734453288e-05,-249.4244196719154
2.9000000000000004,-5.29173703087574e-08,-4.775208524933983e-08,-9.741425390865326e-09,-2.712654681134733e-07,-4.330819939713352e-05,-258.15634652910967
3.0,-8.652495296866906e-08,-5.0052301702136405e-08,-1.0210669547235828e-08,-2.797636094811592e-07,-4.7584243725918825e-05,-266.87629544282714
3.1,-1.2325524679873232e-07,-4.730844967640739e-08,-9.650923733987108e-09,-2.919780235709326e-07,-5.216664858787825e-05,-275.58428282959966
3.2,-1.5952976532159223e-07,-3.978133847016498e-08,-8.115393047913656e-09,-3.0785865073560214e-07,-5.7127122720275e-05,-284.2803250841696
3.3000000000000003,-1.9181179788941498e-07,-2.8219335137124553e-08,-5.756744367973409e-09,-3.269967765740865e-07,-6.253909014043123e-05,-292.96443858088423
3.4000000000000004,-2.1694997506576576e-07,-1.3779830410520621e-08,-2.811085403746207e-09,-3.486644792923151e-07,-6.847119702944929e-05,-301.6366396748682
3.5,-2.3248528396747934e-07,2.091974649493755e-09,4.267628284967261e-10,-3.718851758003376e-07,-7.498095029402242e-05,-310.2969447028554
3.6,-2.36891824297833e-07,1.7813336288714254e-08,3.633920602897708e-09,-3.955285149693688e-07,-8.210918154998659e-05,-318.9453699835989
3.7,-2.2972773715778832e-07,3.182663654628785e-08,6.4926338554427224e-09,-4.1842048286972476e-07,-8.987597623488826e-05,-327.5819318178255
3.8000000000000003,-2.116811790907655e-07,4.275681734976408e-08,8.722390739351873e-09,-4.3945805954922203e-07,-9.827858155020994e-05,-336.2066464877495
3.9000000000000004,-1.845062130235597e-07,4.95470594776535e-08,1.0107600133441316e-08,-4.5771725728567605e-07,-0.00010729161914315021,-344.81953025620754
4.0,-1.5085413587896338e-07,5.1559162019821766e-08,1.051806905204364e-08,-4.7254394114483916e-07,-0.00011686969624994089,-353.4205993655138
4.1000000000000005,-1.1401605050058524e-07,4.8629445472647195e-08,9.920406876420028e-09,-4.836184465747796e-07,-0.0001269522555381846,-362.0098700361601
4.2,-7.760139816793317e-08,4.107613622196915e-08,8.379531789281707e-09,-4.909875248035619e-07,-0.0001374702557041032,-370.5873584654977
4.3,-4.518377102040408e-08,2.9659417320349576e-08,6.050521133351314e-09,-4.950603302338744e-07,-0.00014835405934488682,-379.15308082653166
4.4,-1.994889226954804e-08,1.55000289749124e-08,3.1620059108821295e-09,-4.965687063350901e-07,-0.00015954174680286114,-387.7070532669459
4.5,-4.379747831722008e-09,-3.400917045644437e-11,-6.937870773114652e-12,-4.964955750040745e-07,-0.00017098699441224082,-396.24929190844546
4.6000000000000005,-1.0394136446656928e-11,-1.5460589836558614e-08,-3.1539603266579576e-09,-4.959784283221367e-07,-0.00018266566499072523,-404.7798128464733
4.7,-7.273253944055856e-09,-2.932364257839702e-08,-5.982023085992993e-09,-4.961974312770641e-07,-0.00019458036017376245,-413.29863215031895
4.800000000000001,-2.545540659078311e-08,-4.03274616897237e-08,-8.226802184703635e-09,-4.982592070442782e-07,-0.00020676237080662272,-421.8057658636031
4.9,-5.2768435374721006e-08,-4.745379697624855e-08,-9.680574583154704e-09,-5.030878276551057e-07,-0.00021927071592530402,-430.30123000508934
5.0,-8.652495296866904e-08,-5.0052301702136405e-08,-1.0210669547235828e-08,-5.113338230238936e-07,-0.00023218825764258257,-438.78504056974776
5.1000000000000005,-1.234041817327689e-07,-4.7897432549180926e-08,-9.77107624003291e-09,-5.23310222436377e-07,-0.000245615187810254,-447.2572135299763
5.2,-1.5978003582307244e-07,-4.1207639292200944e-08,-8.406358415608994e-09,-5.389619399174887e-07,-0.0002596604697644258,-455.71776483687427
5.300000000000001,-1.9207894977182342e-07,-3.062551892038377e-08,-6.247605859758289e-09,-5.578714860265444e-07,-0.00027443205329231123,-464.16671042145833
5.4,-2.1713183959112655e-07,-1.7160454366136995e-08,-3.5007326906919473e-09,-5.793003733131426e-07,-0.00029002683659208866,-472.60406619571654
5.5,-2.324853269462647e-07,-2.0980526663248133e-09,-4.2800274393026196e-10,-6.02262046578595e-07,-0.0003065214067188056,-481.02984805340736
5.6000000000000005,-2.3664159010573994e-07,1.3116636068138322e-08,2.675793757900218e-09,-6.256190659081632e-07,-0.00032396454114696544,-489.44407187053093
5.7,-2.292034606735615e-07,2.7012731735155014e-08,5.510597273971623e-09,-6.481949062125137e-07,-0.0003423723000989255,-497.8467535054256
5.800000000000001,-2.1091090034824374e-07,3.823264069630188e-08,7.799458702045584e-09,-6.688893402376321e-07,-0.000361726295702071,-506.2379087984753
5.9,-1.8356579262893216e-07,4.566412967537494e-08,9.315482453776488e-09,-6.867860721635385e-07,-0.0003819754131505834,-514.6175535714474
6.0,-1.4985298496758822e-07,4.85525919257484e-08,9.904728752852673e-09,-7.012421053111443e-07,-0.00040304091164726285,-522.9857036265174
6.1000000000000005,-1.1307563010595764e-07,4.65817436803812e-08,9.502675710797766e-09,-7.119501691010738e-07,-0.0004248244841473825,-531.3423747450697
6.2,-7.683111942541166e-08,3.991332182409676e-08,8.14231765211574e-09,-7.189682066853059e-07,-0.0004472185407553486,-539.6875826863878
6.300000000000001,-4.4659494536177244e-08,2.9179950961093224e-08,5.952709996063018e-09,-7.227131658467324e-07,-0.0004701177340379108,-548.0213431863675
6.4,-1.9698658077455154e-08,1.5429943381940214e-08,3.1477084499158038e-09,-7.239198207239139e-07,-0.0004934305921493004,-556.3436719563852
6.5,-4.379790810507429e-09,2.7931153625518096e-11,5.697955339605692e-12,-7.235687405476295e-07,-0.0005170900849804255,-564.6545846824466
6.6000000000000005,-1.9225866180756641e-10,-1.547969494009905e-08,-3.1578577677802065e-09,-7.227904882017874e-07,-0.0005410620259673571,-572.9540970247133
6.7,-7.540405826464206e-09,-2.952121147911133e-08,-6.022327141738712e-09,-7.227553959473751e-07,-0.000565350402335774,-581.2422246174666
6.800000000000001,-2.5705677092263502e-08,-4.066151607264233e-08,-8.294949278819036e-09,-7.245596192476123e-07,-0.000589999012638875,-589.5189830695258
6.9,-5.291737030875735e-08,-4.775208524933982e-08,-9.741425390865323e-09,-7.291184926817986e-07,-0.0006150891458427404,-597.7843879650849
7.0,-8.652495296866902e-08,-5.0052301702136405e-08,-1.0210669547235828e-08,-7.370774828665018e-07,-0.0006407334269636243,-606.038454864888
7.1000000000000005,-1.2325524679873253e-07,-4.730844967640735e-08,-9.6509237339871e-09,-7.487493281453327e-07,-0.0006670663422815824,-614.2811993076238
7.2,-1.595297653215922e-07,-3.9781338470165e-08,-8.115393047913661e-09,-7.640834381633774e-07,-0.000694232303852446,-622.5126368113956
7.300000000000001,-1.9181179788941504e-07,-2.8219335137124507e-08,-5.7567443679734e-09,-7.826705353246696e-07,-0.0007223723830060552,-630.7327828751145
7.4,-2.169499750657656e-07,-1.377983041052072e-08,-2.8110854037462272e-09,-8.037821424816453e-07,-0.0007516110069698001,-638.9416529796696
7.5,-2.3248528396747923e-07,2.0919746494936302e-09,4.267628284967006e-10,-8.264411709255785e-07,-0.0007820439524429117,-647.1392625887584
7.6000000000000005,-2.36891824297833e-07,1.781333628871423e-08,3.6339206028977034e-09,-8.495168529948602e-07,-0.0008137288772702684,-655.3256271492952
7.7,-2.2972773715778832e-07,3.1826636546287905e-08,6.492633855442733e-09,-8.7183487996788e-07,-0.0008466794115054582,-663.5007620913641
7.800000000000001,-2.1168117909076537e-07,4.275681734976422e-08,8.7223907393519e-09,-8.922920809459861e-07,-0.0008808635000627445,-671.6646828277309
7.9,-1.8450621302355977e-07,4.9547059477653475e-08,1.010760013344131e-08,-9.09964469501205e-07,-0.0009162062803403574,-679.8174047529764
8.0,-1.5085413587896346e-07,5.1559162019821766e-08,1.051806905204364e-08,-9.241980568762106e-07,-0.0009525973283008202,-687.95894324235
8.1,-1.1401605050058574e-07,4.862944547264728e-08,9.920406876420047e-09,-9.346734459278892e-07,-0.000989901659839245,-696.0893136504681
8.200000000000001,-7.760139816793283e-08,4.1076136221969034e-08,8.379531789281684e-09,-9.414377378233296e-07,-0.0010279734765794987,-704.2085313099941
8.3,-4.5183771020404063e-08,2.965941732034955e-08,6.050521133351309e-09,-9.449004687863083e-07,-0.0010666713389392642,-712.3166115304318
8.4,-1.9948892269548232e-08,1.5500028974912508e-08,3.162005910882152e-09,-9.457938381840794e-07,-0.001105873268903541,-720.4135695971479
8.5,-4.3797478317219456e-09,-3.400917045654262e-11,-6.937870773134695e-12,-9.451010389494299e-07,-0.001145490252994184,-728.4994207707134
8.6,-1.0394136446649948e-11,-1.5460589836558538e-08,-3.153960326657942e-09,-9.439596958440533e-07,-0.001185476740104951,-736.5741802866185
8.700000000000001,-7.273253944055887e-09,-2.9323642578397093e-08,-5.9820230859930076e-09,-9.435499264558484e-07,-0.001225837000620866,-744.6378633553791
8.8,-2.5455406590783182e-08,-4.032746168972374e-08,-8.226802184703643e-09,-9.449781017822983e-07,-0.001266626608134161,-752.6904851630209
8.9,-5.276843537472097e-08,-4.7453796976248535e-08,-9.680574583154703e-09,-9.491678327405821e-07,-0.0013079487850221447,-760.7320608718885
9.0,-8.652495296866898e-08,-5.0052301702136405e-08,-1.0210669547235828e-08,-9.56768996895706e-07,-0.0013499458702100845,-768.762605621708
9.1,-1.2340418173276845e-07,-4.789743254918097e-08,-9.77107624003292e-09,-9.680938184716888e-07,-0.0013927866687500567,-776.7821345308064
9.200000000000001,-1.5978003582307283e-07,-4.1207639292200885e-08,-8.40635841560898e-09,-9.83086309786551e-07,-0.0014366508762380954,-784.7906626973837
9.3,-1.9207894977182363e-07,-3.062551892038379e-08,-6.2476058597582935e-09,-1.0013280514924612e-06,-0.0014817120906567938,-792.7882052007272
9.4,-2.1713183959112641e-07,-1.716045436613701e-08,-3.5007326906919506e-09,-1.0220796723148382e-06,-0.0015281210952426368,-800.7747771022639
9.5,-2.3248532694626428e-07,-2.098052666324861e-09,-4.280027439302716e-10,-1.0443538521354126e-06,-0.0015759910986447362,-808.7503934463581
9.600000000000001,-2.3664159010573994e-07,1.311663606813848e-08,2.67579375790025e-09,-1.0670125689801924e-06,-0.0016253864502867134,-816.7150692607806
9.700000000000001,-2.2920346067356107e-07,2.7012731735154968e-08,5.510597273971614e-09,-1.088878946805342e-06,-0.0016763160242986607,-824.6688195568045
9.8,-2.109109003482434e-07,3.823264069630187e-08,7.799458702045583e-09,-1.1088526653993096e-06,-0.0017287320155786902,-832.6116593289098
9.9,-1.8356579262893226e-07,4.566412967537494e-08,9.315482453776488e-09,-1.126017595682657e-06,-0.0017825343604282605,-840.5436035541208
10.0,-1.4985298496758867e-07,4.85525919257484e-08,9.904728752852673e-09,-1.1397311423908354e-06,-0.001837580434365046,-848.4646671910285
10.100000000000001,-1.1307563010595729e-07,4.658174368038118e-08,9.502675710797761e-09,-1.149686620396661e-06,-0.001893699147081988,-856.37486517859
10.200000000000001,-7.683111942541158e-08,3.991332182409667e-08,8.142317652115722e-09,-1.1559426699600194e-06,-0.0019507081027436038,-864.2742124348171
10.3,-4.465949453617716e-08,2.9179950961093128e-08,5.952709996062999e-09,-1.158916959927843e-06,-0.002008432168864924,-872.1627238554877
10.4,-1.9698658077455045e-08,1.542994338194025e-08,3.1477084499158112e-09,-1.1593449149107005e-06,-0.0020667216325736763,-880.0404143130131
10.5,-4.379790810507399e-09,2.793115362553044e-11,5.69795533960821e-12,-1.1582075923101189e-06,-0.0021254681370884054,-887.9072986555848
10.600000000000001,-1.9225866180758908e-10,-1.547969494009919e-08,-3.1578577677802347e-09,-1.1566358018746587e-06,-0.0021846167842221017,-895.7633917066988
10.700000000000001,-7.54040582646438e-09,-2.9521211479111453e-08,-6.0223271417387364e-09,-1.1557998240413818e-06,-0.0022441731435271918,-903.6087082651193
10.8,-2.5705677092263138e-08,-4.0661516072642235e-08,-8.294949278819016e-09,-1.156795434917654e-06,-0.0023042043922804132,-911.4432631052939
10.9,-5.291737030875726e-08,-4.7752085249339805e-08,-9.741425390865321e-09,-1.1605372659725369e-06,-0.0023648343770481715,-919.26707097819
11.0,-8.652495296866855e-08,-5.005230170213641e-08,-1.0210669547235828e-08,-1.1676697940991702e-06,-0.0024262329828569833,-927.0801466124677
11.100000000000001,-1.232552467987329e-07,-4.730844967640729e-08,-9.650923733987088e-09,-1.17850454909223e-06,-0.0024886007625190693,-934.8825047158733
11.200000000000001,-1.5952976532159201e-07,-3.9781338470165e-08,-8.115393047913661e-09,-1.1929896057346403e-06,-0.0025521502610380414,-942.6741599767078
11.3,-1.9181179788941483e-07,-2.8219335137124523e-08,-5.756744367973403e-09,-1.2107143339409758e-06,-0.002617085820149937,-950.4551270652174
11.4,-2.169499750657654e-07,-1.3779830410520608e-08,-2.811085403746204e-09,-1.230949000938995e-06,-0.0026835838296997002,-958.225420634764
11.5,-2.324852839674795e-07,2.0919746494936157e-09,4.2676282849669765e-10,-1.2527154683335926e-06,-0.0027517753848780627,-965.9850553226524
11.600000000000001,-2.3689182429783266e-07,1.7813336288714555e-08,3.6339206028977696e-09,-1.2748822173132347e-06,-0.0028217331081804038,-973.7340457505384
11.700000000000001,-2.2972773715778885e-07,3.1826636546287905e-08,6.492633855442733e-09,-1.2962745528000224e-06,-0.002893463517552151,-981.4724065243789
11.8,-2.1168117909076576e-07,4.2756817349764145e-08,8.722390739351886e-09,-1.3157893145360068e-06,-0.0029669058003619344,-989.2001522339435
11.9,-1.845062130235597e-07,4.954705947765346e-08,1.0107600133441308e-08,-1.3325029171573978e-06,-0.003041937234436739,-996.9172974519456
12.0,-1.508541358789631e-07,5.1559162019821766e-08,1.051806905204364e-08,-1.3457621169490988e-06,-0.003118384841220103,-1004.6238567328945
12.100000000000001,-1.1401605050058499e-07,4.8629445472647195e-08,9.920406876420028e-09,-1.355248522357625e-06,-0.0031960422266151694,-1012.3198446117926
12.200000000000001,-7.760139816793262e-08,4.107613622196906e-08,8.379531789281689e-09,-1.3610103871246986e-06,-0.003274690026085085,-1020.0052756028134
12.3,-4.5183771020403574e-08,2.9659417320349424e-08,6.050521133351283e-09,-1.3634584137150302e-06,-0.0033541179788029187,-1027.6801641980935
12.4,-1.99488922695484e-08,1.5500028974912544e-08,3.1620059108821593e-09,-1.3633258413386067e-06,-0.0034341464544788034,-1035.3445248667538
12.5,-4.3797478317220126e-09,-3.4009170456493444e-11,-6.937870773124663e-12,-1.3615966439344938e-06,-0.003514645271001787,-1042.998372054239
12.600000000000001,-1.0394136446657419e-11,-1.5460589836558677e-08,-3.1539603266579705e-09,-1.3594088578234428e-06,-0.0035955478746294138,-1050.6417201820313
12.700000000000001,-7.273253944055977e-09,-2.9323642578397242e-08,-5.982023085993038e-09,-1.3579425663472507e-06,-0.003676859387855907,-1058.2745836477552
12.8,-2.5455406590782937e-08,-4.032746168972363e-08,-8.22680218470362e-09,-1.3583036275323269e-06,-0.0037586576227467425,-1065.8969768256597
12.9,-5.276843537472097e-08,-4.745379697624855e-08,-9.680574583154704e-09,-1.3614146759414424e-06,-0.00384108685148247,-1073.508914067427
13.0,-8.652495296866935e-08,-5.0052301702136405e-08,-1.0210669547235828e-08,-1.3679242128376711e-06,-0.0039243448515887186,-1081.110409703232
13.100000000000001,-1.234041817327691e-07,-4.789743254918089e-08,-9.771076240032903e-09,-1.3781427925073115e-06,-0.004008664426991877,-1088.7014780429618
13.200000000000001,-1.5978003582307252e-07,-4.1207639292200944e-08,-8.406358415608994e-09,-1.3920126031125392e-06,-0.004094291177220652,-1096.2821333774846
13.3,-1.9207894977182355e-07,-3.0625518920383795e-08,-6.247605859758294e-09,-1.4091134061110826e-06,-0.004181459686242124,-1103.852389979864
13.4,-2.1713183959112697e-07,-1.7160454366136866e-08,-3.500732690691921e-09,-1.4287041793452072e-06,-0.00427037048721159,-1111.4122621064091
13.5,-2.3248532694626428e-07,-2.0980526663248865e-09,-4.280027439302769e-10,-1.4497962713316613e-06,-0.004361170109091236,-1118.9617639974706
13.600000000000001,-2.3664159010574042e-07,1.3116636068138612e-08,2.675793757900277e-09,-1.471250771855821e-06,-0.004453936228736483,-1126.5009098779087
13.700000000000001,-2.2920346067356107e-07,2.7012731735154968e-08,5.510597273971614e-09,-1.4918904426588105e-06,-0.004548669464288623,-1134.0297139571871
13.8,-2.109109003482434e-07,3.8232640696301846e-08,7.799458702045578e-09,-1.5106151600894146e-06,-0.004645292700040757,-1141.5481904290766
13.9,-1.8356579262893303e-07,4.5664129675374914e-08,9.315482453776483e-09,-1.5265095282234875e-06,-0.004743658092933686,-1149.0563534709904
14.0,-1.4985298496758872e-07,4.85525919257484e-08,9.904728752852673e-09,-1.538932144949712e-06,-0.004843561149753492,-1156.5542172430053
14.100000000000001,-1.1307563010595814e-07,4.65817436803812e-08,9.502675710797766e-09,-1.547577853244049e-06,-0.0049447605575599985,-1164.0417958866594
14.200000000000001,-7.683111942541162e-08,3.991332182409669e-08,8.142317652115725e-09,-1.5525069939762358e-06,-0.005047001868294791,-1171.5191035236398
14.3,-4.465949453617718e-08,2.9179950961093105e-08,5.952709996062994e-09,-1.5541389245190002e-06,-0.005150042740118678,-1178.9861542544918
14.4,-1.9698658077455098e-08,1.5429943381940263e-08,3.147708449915814e-09,-1.5532105572344042e-06,-0.005253677263075963,-1186.4429621574848
14.5,-4.3797908105074095e-09,2.793115362555497e-11,5.6979553396132144e-12,-1.5507040627889247e-06,-0.0053577569635467,-1193.889541287758
14.600000000000001,-1.9225866180758627e-10,-1.5479694940099176e-08,-3.157857767780232e-09,-1.547750849110278e-06,-0.005462206385356378,-1201.325905676843
14.700000000000001,-7.54040582646436e-09,-2.952121147911143e-08,-6.022327141738732e-09,-1.545521187486282e-06,-0.005567031657039187,-1208.7520693326253
14.8,-2.5705677092263118e-08,-4.066151607264221e-08,-8.294949278819011e-09,-1.54511020432306e-06,-0.005672321126035556,-1216.1680462397599
14.9,-5.291737030875722e-08,-4.77520852493398e-08,-9.74142539086532e-09,-1.5474312714904245e-06,-0.005778237907478384,-1223.573850360504
15.0,-8.65249529686685e-08,-5.005230170213641e-08,-1.0210669547235828e-08,-1.553127089362981e-06,-0.00588500498423908,-1230.9694956358896
15.100000000000001,-1.2325524679873285e-07,-4.73084496764073e-08,-9.65092373398709e-09,-1.562507041708082e-06,-0.005992884230164998,-1238.3549959871157
15.200000000000001,-1.5952976532159193e-07,-3.978133847016498e-08,-8.115393047913656e-09,-1.5755168761096662e-06,-0.0061021513386664275,-1245.7303653170143
15.3,-1.9181179788941483e-07,-2.821933513712454e-08,-5.756744367973407e-09,-1.5917436655457902e-06,-0.0062130690639547745,-1253.0956175114409
15.4,-2.169499750657654e-07,-1.3779830410520586e-08,-2.8110854037462e-09,-1.6104556246472533e-06,-0.006325861379074853,-1260.4507664404418
15.5,-2.324852839674795e-07,2.0919746494935785e-09,4.2676282849669005e-10,-1.6306730023442048e-06,-0.006440691101180947,-1267.7958259590816
15.600000000000001,-2.3689182429783266e-07,1.7813336288714568e-08,3.633920602897772e-09,-1.6512632643480847e-06,-0.006557643231417498,-1275.130809907848
15.700000000000001,-2.2972773715778885e-07,3.182663654628785e-08,6.4926338554427224e-09,-1.6710513996933534e-06,-0.0066767157291864705,-1282.4557321126022
15.8,-2.1168117909076584e-07,4.275681734976417e-08,8.722390739351891e-09,-1.6889346676552515e-06,-0.006797818735491287,-1289.7706063840876
15.9,-1.8450621302355977e-07,4.9547059477653436e-08,1.0107600133441301e-08,-1.7039906015982954e-06,-0.006920782442732455,-1297.0754465170603
16.0,-1.5085413587896315e-07,5.1559162019821766e-08,1.051806905204364e-08,-1.7155676688984705e-06,-0.007045372956764582,-1304.3702662891394
16.1,-1.1401605050058512e-07,4.8629445472647195e-08,9.920406876420028e-09,-1.7233496125654092e-06,-0.00717131469472107,-1311.6550794595028
16.2,-7.7601398167934e-08,4.1076136221969286e-08,8.379531789281735e-09,-1.7273870285338981e-06,-0.007298317190042977,-1318.9298997675637
16.3,-4.518377102040365e-08,2.9659417320349474e-08,6.050521133351293e-09,-1.7280929267222478e-06,-0.007426103704468059,-1326.194740931761
16.400000000000002,-1.994889226954772e-08,1.550002897491226e-08,3.1620059108821014e-09,-1.7262025740189874e-06,-0.007554438827187122,-1333.4496166485799
16.5,-4.379747831722026e-09,-3.400917045646891e-11,-6.937870773119659e-12,-1.722701469500335e-06,-0.007683152301265876,-1340.6945405918884
16.6,-1.0394136446655661e-11,-1.546058983655866e-08,-3.1539603266579667e-09,-1.7187284949889965e-06,-0.007812156655985874,-1347.9295264126506
16.7,-7.273253944055748e-09,-2.9323642578396938e-08,-5.982023085992976e-09,-1.7154637875905903e-06,-0.007941456811402115,-1355.1545877390301
16.8,-2.5455406590782894e-08,-4.03274616897236e-08,-8.226802184703615e-09,-1.714012433292382e-06,-0.00807115060220999,-1362.369738176871
16.900000000000002,-5.2768435374721535e-08,-4.745379697624866e-08,-9.680574583154727e-09,-1.7152955180226572e-06,-0.00820142006507716,-1369.574991310503
17.0,-8.652495296866929e-08,-5.0052301702136405e-08,-1.0210669547235828e-08,-1.7199593470156693e-06,-0.00833251425692975,-1376.7703607038031
17.1,-1.2340418173276906e-07,-4.7897432549180886e-08,-9.771076240032901e-09,-1.728311828762288e-06,-0.008464725227545022,-1383.9558599014103
17.2,-1.5978003582307244e-07,-4.1207639292200964e-08,-8.406358415608997e-09,-1.740292303179982e-06,-0.0085983594705507,-1391.1315024299952
17.3,-1.9207894977182342e-07,-3.0625518920383834e-08,-6.247605859758303e-09,-1.7554777539984304e-06,-0.008733707650223462,-1398.2973017994714
17.400000000000002,-2.1713183959112697e-07,-1.7160454366136905e-08,-3.500732690691929e-09,-1.7731247235157317e-06,-0.008871015597840422,-1405.4532715040455
17.5,-2.3248532694626428e-07,-2.0980526663248733e-09,-4.2800274393027416e-10,-1.7922427100733906e-06,-0.009010459469282197,-1412.5994250230103
17.6,-2.3664159010574042e-07,1.3116636068138577e-08,2.67579375790027e-09,-1.8116917286123913e-06,-0.009152127563806707,-1419.735775821213
17.7,-2.2920346067356223e-07,2.7012731735154674e-08,5.510597273971554e-09,-1.8302943582430332e-06,-0.009296010660354417,-1426.8623373491464
17.8,-2.109109003482433e-07,3.8232640696301826e-08,7.799458702045573e-09,-1.8469512157232283e-06,-0.009442001895713684,-1433.9791230426513
17.900000000000002,-1.8356579262893144e-07,4.5664129675375e-08,9.3154824537765e-09,-1.8607485086236621e-06,-0.009589906270612467,-1441.086146322251
18.0,-1.4985298496758877e-07,4.85525919257484e-08,9.904728752852673e-09,-1.8710471548319222e-06,-0.009739458918210061,-1448.1834205921703
18.1,-1.1307563010595819e-07,4.658174368038122e-08,9.50267571079777e-09,-1.8775448134455762e-06,-0.009890350398802915,-1455.2709592391325
18.2,-7.683111942541194e-08,3.991332182409691e-08,8.14231765211577e-09,-1.8803048638508285e-06,-0.010042256581084439,-1462.348775631045
18.3,-4.4659494536177244e-08,2.9179950961093178e-08,5.952709996063009e-09,-1.879749623498551e-06,-0.010194870203733913,-1469.4168831157076
18.400000000000002,-1.96986580774549e-08,1.5429943381939956e-08,3.1477084499157512e-09,-1.8766185879950676e-06,-0.010347931027833419,-1476.4752950196767
18.5,-4.379790810507423e-09,2.793115362559177e-11,5.697955339620721e-12,-1.8718958683941565e-06,-0.010501251609208827,-1483.5240246474093
18.6,-1.922586618075833e-10,-1.547969494009914e-08,-3.1578577677802247e-09,-1.866713963788182e-06,-0.010654736129383995,-1490.5630852807851
18.7,-7.540405826463968e-09,-2.9521211479111125e-08,-6.02232714173867e-09,-1.8622432624878575e-06,-0.010808390385319003,-1497.592490179066
18.8,-2.570567709226309e-08,-4.06615160726422e-08,-8.29494927881901e-09,-1.8595780042724926e-06,-0.010962321888086468,-1504.61225257931
18.900000000000002,-5.291737030875794e-08,-4.775208524933993e-08,-9.741425390865346e-09,-1.8596297412336877e-06,-0.011116729977669184,-1511.6223856972028
19.0,-8.652495296866844e-08,-5.005230170213641e-08,-1.0210669547235828e-08,-1.8630385859614392e-06,-0.011271886833429537,-1518.6229027282293
19.1,-1.232552467987328e-07,-4.730844967640729e-08,-9.650923733987088e-09,-1.870110811344267e-06,-0.01142811115418736,-1525.6138168490638
19.200000000000003,-1.5952976532159291e-07,-3.978133847016483e-08,-8.115393047913626e-09,-1.8807888326704755e-06,-0.011585737011985925,-1532.5951412190352
19.3,-1.9181179788941475e-07,-2.821933513712459e-08,-5.7567443679734165e-09,-1.89465649872546e-06,-0.01174508087826355,-1539.5668889815156
19.400000000000002,-2.169499750657654e-07,-1.3779830410520653e-08,-2.811085403746213e-09,-1.9109792333421094e-06,-0.011906410030600313,-1546.5290732650865
19.5,-2.324852839674795e-07,2.0919746494935653e-09,4.2676282849668736e-10,-1.928775216967461e-06,-0.012069915449090673,-1553.4817071843643
19.6,-2.3689182429783258e-07,1.781333628871454e-08,3.6339206028977663e-09,-1.946910792569318e-06,-0.012235691909100432,-1560.4248038404048
19.700000000000003,-2.297277371577876e-07,3.1826636546288176e-08,6.492633855442789e-09,-1.9642109068471474e-06,-0.012403727305916152,-1567.3583763206516
19.8,-2.1168117909076584e-07,4.275681734976412e-08,8.722390739351881e-09,-1.979573888016161e-06,-0.012573902367128579,-1574.2824376984431
19.900000000000002,-1.8450621302356004e-07,4.954705947765353e-08,1.0107600133441321e-08,-1.9920793715290663e-06,-0.01274600090243192,-1581.1970010321422
20.0,-1.5085413587896323e-07,5.1559162019821766e-08,1.051806905204364e-08,-2.001078778315871e-06,-0.012919729704039479,-1588.1020793639848
20.1,-1.1401605050058515e-07,4.8629445472647195e-08,9.920406876420028e-09,-2.0062593870157967e-06,-0.013094746245691284,-1594.9976857187744
20.200000000000003,-7.760139816793251e-08,4.1076136221968855e-08,8.379531789281648e-09,-2.0076755791830856e-06,-0.013270691531404548,-1601.883833102557
20.3,-4.518377102040367e-08,2.9659417320349474e-08,6.050521133351293e-09,-2.0057440375207123e-06,-0.013447224899479679,-1608.7605345014108
20.400000000000002,-1.9948892269547755e-08,1.5500028974912223e-08,3.162005910882094e-09,-2.001203231170543e-06,-0.013624057352298052,-1615.6278028804638
20.5,-4.3797478317221805e-09,-3.400917045608852e-11,-6.937870773042058e-12,-1.9950410745665614e-06,-0.013800980087376687,-1622.4856511832315
20.6,-1.0394136446699269e-11,-1.546058983655897e-08,-3.1539603266580304e-09,-1.988397835753584e-06,-0.013977885345028309,-1629.3340923313265
20.700000000000003,-7.273253944056313e-09,-2.932364257839744e-08,-5.982023085993079e-09,-1.982453866678414e-06,-0.014154777423287803,-1636.1731392245615
20.8,-2.5455406590782875e-08,-4.0327461689723595e-08,-8.226802184703614e-09,-1.978313270631479e-06,-0.01433177267081908,-1643.0028047414285
20.900000000000002,-5.276843537472087e-08,-4.74537969762485e-08,-9.680574583154694e-09,-1.9768950476976286e-06,-0.014509088358385087,-1649.823101739904
21.0,-8.652495296866923e-08,-5.0052301702136405e-08,-1.0210669547235828e-08,-1.978842521262413e-06,-0.01468702143970064,-1656.6340430585064
21.1,-1.2340418173276898e-07,-4.789743254918089e-08,-9.771076240032903e-09,-1.984460022477631e-06,-0.014865919230529115,-1663.4356415175125
21.200000000000003,-1.5978003582307289e-07,-4.120763929220081e-08,-8.406358415608965e-09,-1.9936830832721786e-06,-0.01504614485685062,-1670.2279099202237
21.3,-1.920789497718237e-07,-3.062551892038358e-08,-6.247605859758251e-09,-2.006085042094776e-06,-0.015228040864496077,-1677.0108610541772
21.400000000000002,-2.1713183959112676e-07,-1.7160454366136594e-08,-3.5007326906918654e-09,-2.0209193415584206e-06,-0.015411894587791965,-1683.7845076921933
21.5,-2.3248532694626428e-07,-2.0980526663249092e-09,-4.280027439302815e-10,-2.0371932600588517e-06,-0.015597908721517801,-1690.5488625931691
21.6,-2.366415901057396e-07,1.3116636068138198e-08,2.6757937579001926e-09,-2.0537657239571604e-06,-0.015786180043067356,-1697.3039385025434
21.700000000000003,-2.292034606735605e-07,2.7012731735155507e-08,5.510597273971724e-09,-2.0694594983363687e-06,-0.01597668843898904,-1704.0497481523876
21.8,-2.1091090034824344e-07,3.823264069630179e-08,7.799458702045566e-09,-2.0831766797463305e-06,-0.016169297380504002,-1710.786304261107
21.900000000000002,-1.8356579262893152e-07,4.566412967537499e-08,9.3154824537765e-09,-2.0940061412858985e-06,-0.016363765866195777,-1717.5136195327732
22.0,-1.498529849675888e-07,4.8552591925748384e-08,9.904728752852672e-09,-2.1013124257688046e-06,-0.016559770718373088,-1724.2317066561423
22.1,-1.1307563010595668e-07,4.658174368038111e-08,9.502675710797746e-09,-2.1047974529185355e-06,-0.016756937094525026,-1730.94057830345
22.200000000000003,-7.683111942541042e-08,3.9913321824096454e-08,8.142317652115677e-09,-2.104529108205686e-06,-0.01695487425796987,-1737.6402471290965
22.3,-4.465949453617755e-08,2.917995096109349e-08,5.952709996063072e-09,-2.1009340416870036e-06,-0.01715321312271262,-1744.330725768353
22.400000000000002,-1.9698658077455164e-08,1.5429943381940326e-08,3.147708449915827e-09,-2.0947555016897534e-06,-0.017351641898644573,-1751.0120268362248
22.5,-4.379790810507447e-09,2.793115362561626e-11,5.6979553396257175e-12,-2.0869804187638056e-06,-0.01754993633310501,-1757.6841629265941
22.6,-1.9225866180758133e-10,-1.547969494009912e-08,-3.1578577677802206e-09,-2.078742913766042e-06,-0.017747981557064665,-1764.34714661174
22.700000000000003,-7.540405826464312e-09,-2.9521211479111396e-08,-6.022327141738725e-09,-2.0712136507032164e-06,-0.017945783349255517,-1771.0009904422975
22.8,-2.570567709226366e-08,-4.0661516072642355e-08,-8.29494927881904e-09,-2.065485782875137e-06,-0.018143467651862366,-1777.6457069476694
22.900000000000002,-5.291737030875787e-08,-4.775208524933992e-08,-9.741425390865345e-09,-2.0624685329039747e-06,-0.018341268308875645,-1784.2813086368576
23.0,-8.652495296866839e-08,-5.005230170213641e-08,-1.0210669547235828e-08,-2.0627986850561432e-06,-0.01853950414383739,-1790.9078079996323
23.1,-1.2325524679873176e-07,-4.730844967640747e-08,-9.650923733987125e-09,-2.066778531323211e-06,-0.018738547537709805,-1797.5252175079206
23.200000000000003,-1.5952976532159342e-07,-3.9781338470164615e-08,-8.115393047913581e-09,-2.07434626886599e-06,-0.018938787509608198,-1804.133549617272
23.3,-1.9181179788941475e-07,-2.821933513712461e-08,-5.756744367973421e-09,-2.08508173534785e-06,-0.01914059086145032,-1810.7328167682433
23.400000000000002,-2.169499750657654e-07,-1.3779830410520666e-08,-2.811085403746216e-09,-2.0982469802330626e-06,-0.019344265166589072,-1817.3230313875658
23.5,-2.32485283967479e-07,2.0919746494939164e-09,4.2676282849675896e-10,-2.112857819199629e-06,-0.019550027237970044,-1823.9042058889684
23.6,-2.3689182429783266e-07,1.7813336288714515e-08,3.6339206028977613e-09,-2.1277795186441777e-06,-0.019757980212951068,-1830.4763526735803
23.700000000000003,-2.297277371577876e-07,3.182663654628812e-08,6.492633855442778e-09,-2.1418373926181067e-06,-0.01996810158288373,-1837.0394841298787
23.8,-2.116811790907655e-07,4.275681734976391e-08,8.722390739351838e-09,-2.1539315964414605e-06,-0.02018024344944775,-1843.593612633195
23.900000000000002,-1.8450621302355845e-07,4.9547059477653614e-08,1.0107600133441337e-08,-2.163144924782958e-06,-0.020394145104340178,-1850.138750544842
24.0,-1.5085413587896323e-07,5.155916201982177e-08,1.0518069052043642e-08,-2.1688330292691233e-06,-0.020609456817708396,-1856.6749102109618
24.1,-1.1401605050058522e-07,4.8629445472647195e-08,9.920406876420028e-09,-2.170688120916413e-06,-0.02082577260234037,-1863.2021039612189
24.200000000000003,-7.760139816793279e-08,4.107613622196911e-08,8.379531789281699e-09,-2.1687697714772184e-06,-0.02104266880744638,-1869.7203441074741
24.3,-4.518377102040373e-08,2.9659417320349523e-08,6.050521133351303e-09,-2.1634996369106575e-06,-0.021259744782464503,-1876.2296429425726
24.400000000000002,-1.994889226954779e-08,1.550002897491226e-08,3.1620059108821014e-09,-2.1556204840432054e-06,-0.02147666160427517,-1882.7300127393603
24.5,-4.379747831722194e-09,-3.4009170456076196e-11,-6.937870773039544e-12,-2.1461234531372125e-06,-0.021693175011341433,-1889.22146575002
24.6,-1.0394136446696787e-11,-1.546058983655891e-08,-3.1539603266580176e-09,-2.1361506728971893e-06,-0.02190915922643608,-1895.70401420578
24.700000000000003,-7.273253944056292e-09,-2.9323642578397447e-08,-5.9820230859930795e-09,-2.1268828311723953e-06,-0.022124619226587403,-1902.177670317016
24.8,-2.545540659078282e-08,-4.032746168972358e-08,-8.226802184703612e-09,-2.119422834077361e-06,-0.02233969014982154,-1908.6424462737286
24.900000000000002,-5.276843537472082e-08,-4.7453796976248515e-08,-9.680574583154698e-09,-2.1146870967470666e-06,-0.022554623801066726,-1915.098354246347
25.0,-8.652495296866918e-08,-5.0052301702136405e-08,-1.0210669547235828e-08,-2.1133152555614458e-06,-0.0227697635063069,-1921.5454063867862
25.1,-1.2340418173276898e-07,-4.789743254918088e-08,-9.7710762400329e-09,-2.1156072512200006e-06,-0.022985509734387916,-1927.9836148296606
25.200000000000003,-1.5978003582307289e-07,-4.120763929220081e-08,-8.406358415608965e-09,-2.1214939941746188e-06,-0.023202279840666907,-1934.4129916935503
25.3,-1.9207894977182363e-07,-3.062551892038362e-08,-6.24760585975826e-09,-2.13054446991632e-06,-0.023420465890479764,-1940.8335490822103
25.400000000000002,-2.171318395911267e-07,-1.7160454366136664e-08,-3.5007326906918795e-09,-2.142008513677639e-06,-0.023640394731218917,-1947.2452990856166
25.5,-2.3248532694626428e-07,-2.098052666324933e-09,-4.280027439302863e-10,-2.154890949053094e-06,-0.02386229427748996,-1953.6482537807588
25.6,-2.366415901057396e-07,1.3116636068138186e-08,2.67579375790019e-09,-2.1680496963150324e-06,-0.024086269374076097,-1960.0424252321034
25.700000000000003,-2.292034606735605e-07,2.701273173515548e-08,5.5105972739717185e-09,-2.180308118408868e-06,-0.02431228966571625,-1966.4278254916837
25.8,-2.1091090034824344e-07,3.823264069630179e-08,7.799458702045566e-09,-2.1905705117734314e-06,-0.024540190723948797,-1972.8044665988002
25.900000000000002,-1.8356579262893152e-07,4.5664129675374967e-08,9.315482453776493e-09,-2.197929391466579e-06,-0.024769688376471817,-1979.1723605793504
26.0,-1.4985298496758726e-07,4.8552591925748404e-08,9.904728752852675e-09,-2.201754081038858e-06,-0.025000404882837945,-1985.5315194448474
26.1,-1.1307563010595679e-07,4.6581743680381154e-08,9.502675710797756e-09,-2.2017520020265308e-06,-0.02523190443037429,-1991.8819551912127
26.200000000000003,-7.683111942541044e-08,3.9913321824096554e-08,8.142317652115697e-09,-2.197996771104397e-06,-0.02546373450112588,-1998.2236797974595
26.3,-4.465949453617759e-08,2.9179950961093465e-08,5.952709996063068e-09,-2.190920481300809e-06,-0.025695469074805983,-2004.556705224399
26.400000000000002,-1.969865807745518e-08,1.542994338194029e-08,3.1477084499158195e-09,-2.1812710430931074e-06,-0.02592674944122347,-2010.8810434135014
26.5,-4.379790810507459e-09,2.793115362561628e-11,5.6979553396257215e-12,-2.1700388496769582e-06,-0.02615731861672474,-2017.1967062860379
26.6,-1.9225866180757833e-10,-1.5479694940099076e-08,-3.157857767780212e-09,-2.1583599821600717e-06,-0.026387045970916796,-2023.503705742599
26.700000000000003,-7.540405826464302e-09,-2.9521211479111353e-08,-6.022327141738717e-09,-2.1474054059827183e-06,-0.02661593961270451,-2029.802053663053
26.8,-2.5705677092263625e-08,-4.0661516072642355e-08,-8.29494927881904e-09,-2.1382669234511872e-06,-0.026844145267249844,-2036.0917619069553
26.900000000000002,-5.291737030875785e-08,-4.775208524933993e-08,-9.741425390865346e-09,-2.1318509232923558e-06,-0.027071931684011938,-2042.3728423143803
27.0,-8.652495296866833e-08,-5.005230170213641e-08,-1.0210669547235828e-08,-2.12879018985341e-06,-0.027299663925075403,-2048.645306707087
27.1,-1.2325524679873176e-07,-4.7308449676407474e-08,-9.650923733987126e-09,-2.129382283049719e-06,-0.027527767067211363,-2054.909166889909
27.200000000000003,-1.5952976532159334e-07,-3.9781338470164615e-08,-8.115393047913581e-09,-2.133560444680745e-06,-0.02775668379699418,-2061.1644346522166
27.3,-1.9181179788941467e-07,-2.8219335137124645e-08,-5.756744367973428e-09,-2.140899868119576e-06,-0.02798682999440188,-2067.4111217693016
27.400000000000002,-2.1694997506576534e-07,-1.3779830410520689e-08,-2.8110854037462206e-09,-2.1506587771926025e-06,-0.028218552625714013,-2073.649240003542
27.5,-2.3248528396747907e-07,2.0919746494938676e-09,4.2676282849674903e-10,-2.161850411447898e-06,-0.028452094076388112,-2079.878801105226
27.6,-2.3689182429783266e-07,1.7813336288714466e-08,3.6339206028977514e-09,-2.173339021975876e-06,-0.02868756646289976,-2086.0998168129513
27.700000000000003,-2.2972773715778768e-07,3.182663654628808e-08,6.492633855442768e-09,-2.18395062861743e-06,-0.028924938521290158,-2092.312298853573
27.8,-2.1168117909076563e-07,4.2756817349763914e-08,8.72239073935184e-09,-2.1925878057542846e-06,-0.02916403646543957,-2098.516258941707
27.900000000000002,-1.8450621302355853e-07,4.954705947765359e-08,1.0107600133441332e-08,-2.198337303688342e-06,-0.029404558852795516,-2104.711708778858
28.0,-1.508541358789633e-07,5.155916201982177e-08,1.0518069052043642e-08,-2.2005599364638e-06,-0.029646104119278042,-2110.8986600522644
28.1,-1.1401605050058524e-07,4.862944547264722e-08,9.920406876420033e-09,-2.1989538325040022e-06,-0.029888208183140506,-2117.0771244335915
28.200000000000003,-7.760139816793283e-08,4.107613622196911e-08,8.379531789281699e-09,-2.193584705711322e-06,-0.030130388496313113,-2123.2471135776027
28.3,-4.5183771020403786e-08,2.96594173203495e-08,6.050521133351299e-09,-2.184880022159761e-06,-0.030372190246743716,-2129.4086391209476
28.400000000000002,-1.9948892269547808e-08,1.5500028974912246e-08,3.1620059108820985e-09,-2.17358749865659e-06,-0.03061323015952693,-2135.5617126811767
28.5,-4.3797478317221995e-09,-3.400917045602706e-11,-6.937870773029521e-12,-2.160701918861021e-06,-0.03085323354022178,-2141.7063458560765
28.6,-1.0394136446693866e-11,-1.5460589836558928e-08,-3.1539603266580217e-09,-2.1473674287889947e-06,-0.03109206083727177,-2147.842550223376
28.700000000000003,-7.27325394405628e-09,-2.9323642578397428e-08,-5.982023085993075e-09,-2.134764947856299e-06,-0.03132972101328434,-2153.9703373408483
28.8,-2.545540659078278e-08,-4.032746168972352e-08,-8.226802184703599e-09,-2.123995845165587e-06,-0.031566370308658095,-2160.089718746787
28.900000000000002,-5.276843537472078e-08,-4.7453796976248476e-08,-9.68057458315469e-09,-2.1159734234619696e-06,-0.031802296427136216,-2166.200705960808
29.0,-8.652495296866912e-08,-5.0052301702136405e-08,-1.0210669547235828e-08,-2.111332982016918e-06,-0.032037889625915666,-2172.303310484906
29.1,-1.234041817327689e-07,-4.789743254918089e-08,-9.771076240032903e-09,-2.110369373319404e-06,-0.032273603505864154,-2178.3975438046655
29.200000000000003,-1.5978003582307283e-07,-4.120763929220082e-08,-8.406358415608967e-09,-2.113008218160911e-06,-0.03250990933679684,-2184.4834173905283
29.3,-1.9207894977182363e-07,-3.062551892038361e-08,-6.247605859758256e-09,-2.1188135820343085e-06,-0.03274724841284074,-2190.560942699
29.400000000000002,-2.171318395911267e-07,-1.7160454366136627e-08,-3.5007326906918724e-09,-2.1270312856830567e-06,-0.03298598714633845,-2196.6301311736943
29.5,-2.3248532694626428e-07,-2.09805266632497e-09,-4.280027439302939e-10,-2.136663491096083e-06,-0.03322637935343217,-2202.6909942461257
29.6,-2.366415901057396e-07,1.3116636068138137e-08,2.6757937579001802e-09,-2.146567124299025e-06,-0.03346853948561919,-2208.743543336171
29.700000000000003,-2.292034606735606e-07,2.7012731735155458e-08,5.5105972739717135e-09,-2.155566371632103e-06,-0.0337124294888371,-2214.7877898521583
29.8,-2.1091090034824344e-07,3.823264069630175e-08,7.799458702045556e-09,-2.1625681415413593e-06,-0.03395786063186769,-2220.823745190565
29.900000000000002,-1.8356579262893163e-07,4.5664129675374967e-08,9.315482453776493e-09,-2.16666914388069e-06,-0.03420451017214998,-2226.8514207353487
30.0,-1.498529849675889e-07,4.8552591925748384e-08,9.904728752852672e-09,-2.1672441170763702e-06,-0.034451951265409717,-2232.8708278569616
30.1,-1.1307563010595685e-07,4.6581743680381154e-08,9.502675710797756e-09,-2.16400663340052e-06,-0.03469969322004507,-2238.881977911144
30.200000000000003,-7.683111942541055e-08,3.9913321824096554e-08,8.142317652115697e-09,-2.1570366378037225e-06,-0.0349472281761574,-2244.884882237607
30.3,-4.465949453617766e-08,2.9179950961093465e-08,5.952709996063068e-09,-2.1467721515311013e-06,-0.03519407965214536,-2250.8795521587363
30.400000000000002,-1.969865807745522e-08,1.542994338194035e-08,3.1477084499158315e-09,-2.1339660731963667e-06,-0.03543984821044472,-2256.865998978452
30.5,-4.379790810507471e-09,2.7931153625640852e-11,5.697955339630734e-12,-2.1196123948867082e-06,-0.035684249766038185,-2262.8442339813496
30.6,-1.9225866180757567e-10,-1.547969494009909e-08,-3.1578577677802144e-09,-2.104849093466798e-06,-0.035927142769400816,-2268.8142684322183
30.700000000000003,-7.540405826464282e-09,-2.9521211479111386e-08,-6.022327141738723e-09,-2.0908471795213103e-06,-0.03616854157019741,-2274.776113575996
30.8,-2.5705677092263595e-08,-4.0661516072642374e-08,-8.294949278819046e-09,-2.078696683580879e-06,-0.036408614605028346,-2280.72978063818
30.900000000000002,-5.291737030875782e-08,-4.7752085249339885e-08,-9.741425390865338e-09,-2.0693006174627403e-06,-0.036647667522971564,-2286.6752808256538
31.0,-8.652495296866827e-08,-5.005230170213641e-08,-1.0210669547235828e-08,-2.0632871527620313e-06,-0.03688611282556458,-2292.6126253278576
31.1,-1.2325524679873168e-07,-4.730844967640752e-08,-9.650923733987134e-09,-2.0609484915555654e-06,-0.03712442891329794,-2298.541825318171
31.200000000000003,-1.5952976532159326e-07,-3.978133847016466e-08,-8.115393047913591e-09,-2.0622123370072837e-06,-0.03736311247276967,-2304.462891955377
31.3,-1.918117978894146e-07,-2.8219335137124616e-08,-5.756744367973422e-09,-2.0666487457564813e-06,-0.03760262880699843,-2310.375836385046
31.400000000000002,-2.1694997506576534e-07,-1.3779830410520677e-08,-2.8110854037462185e-09,-2.0735117509433103e-06,-0.03784336494024132,-2316.280669740698
31.5,-2.32485283967479e-07,2.091974649493841e-09,4.267628284967436e-10,-2.0818117997715613e-06,-0.0380855900929384,-2322.177403144625
31.6,-2.3689182429783266e-07,1.7813336288714406e-08,3.633920602897739e-09,-2.09041206527195e-06,-0.03832942744036264,-2328.0660477082906
31.700000000000003,-2.2972773715778768e-07,3.182663654628808e-08,6.492633855442768e-09,-2.098139351702898e-06,-0.03857484000070885,-2333.9466145322763
31.8,-2.116811790907655e-07,4.275681734976391e-08,8.722390739351838e-09,-2.103898845573435e-06,-0.03882163214274077,-2339.8191147057837
31.900000000000002,-1.8450621302355853e-07,4.9547059477653594e-08,1.0107600133441334e-08,-2.1067815218552505e-06,-0.0390694666870422,-2345.68355930576
32.0,-1.5085413587896338e-07,5.155916201982177e-08,1.0518069052043642e-08,-2.1061536564807567e-06,-0.03931789604374417,-2351.5399593957436
32.1,-1.1401605050058532e-07,4.862944547264722e-08,9.920406876420033e-09,-2.101719577638438e-06,-0.039566404433281535,-2357.3883260245557
32.2,-7.76013981679329e-08,4.107613622196915e-08,8.379531789281707e-09,-2.0935513621834497e-06,-0.03981445711525767,-2363.2286702249694
32.300000000000004,-4.518377102040249e-08,2.9659417320348974e-08,6.050521133351191e-09,-2.0820824088226092e-06,-0.04006155181958588,-2369.061003012497
32.4,-1.9948892269548784e-08,1.5500028974912964e-08,3.162005910882245e-09,-2.068065383185155e-06,-0.0403072673126662,-2374.8853353844042
32.5,-4.3797478317222185e-09,-3.400917045601476e-11,-6.937870773027011e-12,-2.052498575709271e-06,-0.04055130427239111,-2380.7016783190434
32.6,-1.039413644669238e-11,-1.546058983655886e-08,-3.1539603266580073e-09,-2.036527880187918e-06,-0.04079351437154957,-2386.510042775559
32.7,-7.273253944056252e-09,-2.9323642578397437e-08,-5.982023085993078e-09,-2.021334061152085e-06,-0.04103391461205227,-2392.3104396939893
32.800000000000004,-2.54554065907838e-08,-4.0327461689723946e-08,-8.226802184703686e-09,-2.008016474480491e-06,-0.04127268540088671,-2398.1028799957385
32.9,-5.2768435374720715e-08,-4.745379697624846e-08,-9.680574583154688e-09,-1.9974847794395837e-06,-0.04151015246871437,-2403.8873745843803
33.0,-8.652495296866906e-08,-5.0052301702136405e-08,-1.0210669547235828e-08,-1.9903693907001055e-06,-0.04174675434161042,-2409.6639343467123
33.1,-1.2340418173276882e-07,-4.789743254918093e-08,-9.771076240032911e-09,-1.9869595463410347e-06,-0.041982998522773186,-2415.432570153966
33.2,-1.5978003582307275e-07,-4.120763929220088e-08,-8.40635841560898e-09,-1.987175105401965e-06,-0.042219410677364184,-2421.193292863073
33.300000000000004,-1.9207894977182363e-07,-3.062551892038363e-08,-6.2476058597582605e-09,-1.9905748199298836e-06,-0.04245648182462037,-2426.946113317869
33.4,-2.1713183959112573e-07,-1.7160454366137296e-08,-3.5007326906920085e-09,-1.9964001952898043e-06,-0.04269461875484776,-2432.6910423501395
33.5,-2.324853269462642e-07,-2.0980526663250056e-09,-4.280027439303012e-10,-2.003650525765111e-06,-0.042934102583109014,-2438.42809078041
33.6,-2.366415901057396e-07,1.311663606813815e-08,2.6757937579001827e-09,-2.0111816226629896e-06,-0.04317505955694851,-2444.157269418406
33.7,-2.292034606735606e-07,2.7012731735155435e-08,5.510597273971709e-09,-2.0178184418880224e-06,-0.04341744703186478,-2449.8785890631416
33.800000000000004,-2.1091090034824247e-07,3.823264069630218e-08,7.799458702045644e-09,-2.0224704905146327e-06,-0.043661056035547936,-2455.592060502616
33.9,-1.8356579262893303e-07,4.56641296753747e-08,9.31548245377644e-09,-2.0242386702199837e-06,-0.04390553020856065,-2461.297694513142
34.0,-1.498529849675874e-07,4.8552591925748404e-08,9.904728752852675e-09,-2.0225031115027747e-06,-0.04415039929689724,-2466.9955018583623
34.1,-1.130756301059569e-07,4.6581743680381154e-08,9.502675710797756e-09,-2.0169834678599754e-06,-0.04439512393963264,-2472.68549328804
34.2,-7.683111942541057e-08,3.9913321824096554e-08,8.142317652115697e-09,-2.0077658758095857e-06,-0.04463914738308181,-2478.3676795367396
34.300000000000004,-4.4659494536176384e-08,2.917995096109291e-08,5.952709996062954e-09,-1.995294068974983e-06,-0.04488194906972371,-2484.0420713225294
34.4,-1.9698658077455254e-08,1.5429943381940396e-08,3.147708449915841e-09,-1.980325636845261e-06,-0.04512309486121845,-2489.708679345843
34.5,-4.379790810507482e-09,2.7931153625689966e-11,5.697955339640754e-12,-1.9638577989686812e-06,-0.045362278977178476,-2495.367514288616
34.6,-1.922586618075746e-10,-1.5479694940099066e-08,-3.15785776778021e-09,-1.947029997939441e-06,-0.04559935353219696,-2501.018586813804
34.7,-7.540405826464254e-09,-2.952121147911135e-08,-6.022327141738716e-09,-1.9310128225770153e-06,-0.04583434275420106,-2506.6619075653384
34.800000000000004,-2.5705677092263545e-08,-4.066151607264235e-08,-8.294949278819039e-09,-1.916894052858522e-06,-0.04606744045075122,-2512.297487168533
34.9,-5.2917370308756336e-08,-4.7752085249339666e-08,-9.741425390865293e-09,-1.90557285820322e-06,-0.046298990913338535,-2517.925336230912
35.0,-8.652495296866822e-08,-5.005230170213641e-08,-1.0210669547235828e-08,-1.8976723674695731e-06,-0.046529455057335724,-2523.5454653433776
35.1,-1.2325524679873163e-07,-4.730844967640751e-08,-9.650923733987133e-09,-1.8934790470269446e-06,-0.04675936503339714,-2529.1578850815936
35.2,-1.5952976532159326e-07,-3.978133847016467e-08,-8.115393047913593e-09,-1.8929147447336743e-06,-0.04698927167737864,-2534.7626060074463
35.300000000000004,-1.9181179788941586e-07,-2.8219335137124066e-08,-5.75674436797331e-09,-1.8955441255958074e-06,-0.04721968988158089,-2540.359638670428
35.4,-2.1694997506576436e-07,-1.3779830410521417e-08,-2.811085403746369e-09,-1.9006168310627836e-06,-0.047451047200179064,-2545.948993608799
35.5,-2.32485283967479e-07,2.091974649493841e-09,4.267628284967436e-10,-1.907140353653152e-06,-0.04768364072095764,-2551.5306813504076
35.6,-2.3689182429783266e-07,1.7813336288714442e-08,3.6339206028977464e-09,-1.9139766440575997e-06,-0.047917606466419654,-2557.10471241309
35.7,-2.2972773715778768e-07,3.1826636546288097e-08,6.492633855442772e-09,-1.9199531413985345e-06,-0.04815290439868708,-2562.671097304613
35.800000000000004,-2.116811790907646e-07,4.275681734976432e-08,8.72239073935192e-09,-1.923977466404194e-06,-0.04838932060380295,-2568.2298465221775
35.9,-1.8450621302356004e-07,4.954705947765336e-08,1.0107600133441286e-08,-1.9251445925952655e-06,-0.04862648656304799,-2573.7809705515424
36.0,-1.5085413587896344e-07,5.155916201982177e-08,1.0518069052043642e-08,-1.922825969423151e-06,-0.048863913741701855,-2579.3244798658693
36.1,-1.1401605050058533e-07,4.862944547264725e-08,9.92040687642004e-09,-1.9167317679174908e-06,-0.049101040203543174,-2584.86038492441
36.2,-7.760139816793295e-08,4.107613622196915e-08,8.379531789281707e-09,-1.9069400048020032e-06,-0.04933728474478854,-2590.3886961711796
36.300000000000004,-4.5183771020402555e-08,2.9659417320348924e-08,6.050521133351181e-09,-1.8938895331682904e-06,-0.04957210325929327,-2595.9094240337395
36.4,-1.9948892269548814e-08,1.5500028974913e-08,3.1620059108822523e-09,-1.8783374524780796e-06,-0.049805041781989065,-2601.4225789222096
36.5,-4.379747831722249e-09,-3.4009170455990247e-11,-6.937870773022011e-12,-1.8612850319388088e-06,-0.05003578094331696,-2606.9281712286033
36.6,-1.03941364466903e-11,-1.5460589836558895e-08,-3.1539603266580147e-09,-1.8438793982778211e-06,-0.05026416738190283,-2612.42621132653
36.7,-7.273253944056232e-09,-2.93236425783974e-08,-5.9820230859930704e-09,-1.8273006849175417e-06,-0.05049022892951472,-2617.9167095712955
36.800000000000004,-2.545540659078377e-08,-4.0327461689723966e-08,-8.22680218470369e-09,-1.8126458184406348e-06,-0.05071417197759732,-2623.3996763003747
36.9,-5.2768435374720675e-08,-4.7453796976248476e-08,-9.68057458315469e-09,-1.8008204735524173e-06,-0.050936361199511726,-2628.875121834212
37.0,-8.652495296866902e-08,-5.0052301702136405e-08,-1.0210669547235828e-08,-1.7924499203493418e-06,-0.05115728355947586,-2634.3430564772766
37.1,-1.234041817327688e-07,-4.789743254918092e-08,-9.771076240032908e-09,-1.7878176000205087e-06,-0.05137750011044201,-2639.8034905192694
37.2,-1.597800358230727e-07,-4.120763929220089e-08,-8.406358415608982e-09,-1.7868374916482315e-06,-0.05159759030955595,-2645.2564342363894
37.300000000000004,-1.9207894977182355e-07,-3.0625518920383656e-08,-6.247605859758266e-09,-1.7890629583602277e-06,-0.05181809433718579,-2650.701897892537
37.4,-2.1713183959112565e-07,-1.716045436613736e-08,-3.5007326906920213e-09,-1.7937311298361204e-06,-0.05203945911724212,-2656.1398917403576
37.5,-2.3248532694626428e-07,-2.0980526663250184e-09,-4.280027439303038e-10,-1.7998383569948715e-06,-0.05226199338137454,-2661.57042602203
37.6,-2.366415901057396e-07,1.3116636068138114e-08,2.6757937579001753e-09,-1.806239215443009e-06,-0.052485836233471965,-2666.993510969728
37.7,-2.292034606735606e-07,2.7012731735155435e-08,5.510597273971709e-09,-1.8117592384551033e-06,-0.05271094234265674,-2672.4091568057047
37.800000000000004,-2.1091090034824254e-07,3.823264069630218e-08,7.799458702045644e-09,-1.8153102496884424e-06,-0.05293708525535926,-2677.81737374199
37.9,-1.835657926289331e-07,4.566412967537473e-08,9.315482453776445e-09,-1.8159969617868808e-06,-0.053163878532990365,-2683.218171979719
38.0,-1.4985298496758906e-07,4.855259192574838e-08,9.90472875285267e-09,-1.8132044197695977e-06,-0.053390812667838614,-2688.6115617081437
38.1,-1.1307563010595695e-07,4.658174368038121e-08,9.502675710797768e-09,-1.8066577974812088e-06,-0.05361730417887595,-2693.9975531034247
38.2,-7.683111942541063e-08,3.991332182409658e-08,8.142317652115704e-09,-1.796448802337705e-06,-0.05384275209299239,-2699.3761563273115
38.300000000000004,-4.4659494536176423e-08,2.9179950961092986e-08,5.952709996062969e-09,-1.7830262313021893e-06,-0.054066596291909665,-2704.747381525843
38.400000000000006,-1.9698658077454357e-08,1.5429943381939714e-08,3.147708449915702e-09,-1.7671517234147477e-06,-0.05428837201994495,-2710.111238828208
38.5,-4.379790810507506e-09,2.7931153625689908e-11,5.697955339640742e-12,-1.749825128967907e-06,-0.05450775521908227,-2715.4677383458807
38.6,-1.9225866180757275e-10,-1.5479694940099053e-08,-3.157857767780207e-09,-1.7321868378245964e-06,-0.054724594247505365,-2720.8168901721383
38.7,-7.540405826464233e-09,-2.952121147911133e-08,-6.022327141738712e-09,-1.7154066034236268e-06,-0.05493892485807177,-2726.158704382014
38.800000000000004,-2.570567709226352e-08,-4.0661516072642315e-08,-8.294949278819032e-09,-1.7005696628041844e-06,-0.05515096693559907,-2731.4931910327055
38.900000000000006,-5.29173703087591e-08,-4.775208524934006e-08,-9.741425390865373e-09,-1.6885711759035755e-06,-0.05536110325968617,-2736.8203601644
39.0,-8.652495296866818e-08,-5.005230170213641e-08,-1.0210669547235828e-08,-1.68002917798692e-06,-0.05556984230355905,-2742.1402218014396
39.1,-1.2325524679873155e-07,-4.730844967640752e-08,-9.650923733987134e-09,-1.675224443450222e-06,-0.055777768632575636,-2747.4527859537056
39.2,-1.5952976532159318e-07,-3.9781338470164675e-08,-8.115393047913595e-09,-1.674073070924214e-06,-0.05598548568036637,-2752.758062618079
39.300000000000004,-1.9181179788941578e-07,-2.821933513712409e-08,-5.756744367973315e-09,-1.6761344624948167e-06,-0.056193556439733054,-2758.0560617798205
39.400000000000006,-2.1694997506576614e-07,-1.377983041052007e-08,-2.8110854037460944e-09,-1.6806539761332986e-06,-0.05640244783526303,-2763.346793413734
39.5,-2.32485283967479e-07,2.091974649493816e-09,4.267628284967385e-10,-1.6866361953360137e-06,-0.056612484220085746,-2768.630267484983
39.6,-2.3689182429783266e-07,1.781333628871443e-08,3.633920602897744e-09,-1.692941795131048e-06,-0.05682381458692992,-2773.9064939494915
39.7,-2.2972773715778776e-07,3.1826636546288024e-08,6.492633855442757e-09,-1.6983986704326623e-06,-0.0570363967801554,-2779.1754827538853
39.800000000000004,-2.116811790907646e-07,4.275681734976427e-08,8.722390739351912e-09,-1.7019165574250246e-06,-0.05725000036103039,-2784.4372438349933
39.900000000000006,-1.8450621302356046e-07,4.9547059477653594e-08,1.0107600133441334e-08,-1.7025939704848585e-06,-0.05746422796708005,-2789.6917871189717
40.0,-1.508541358789651e-07,5.155916201982177e-08,1.0518069052043642e-08,-1.6998069517975753e-06,-0.05767855319167674,-2794.939122520146
40.1,-1.1401605050058544e-07,4.8629445472647254e-08,9.92040687642004e-09,-1.6932708410503501e-06,-0.05789237136984169,-2800.1792599397004
40.2,-7.760139816793407e-08,4.1076136221969186e-08,8.379531789281714e-09,-1.6830688680690874e-06,-0.05810505835471009,-2805.4122092643456
40.300000000000004,-4.518377102040337e-08,2.965941732034895e-08,6.050521133351186e-09,-1.669644608920171e-06,-0.05831603154027733,-2810.6379803651043
40.400000000000006,-1.994889226954697e-08,1.5500028974911677e-08,3.1620059108819823e-09,-1.6537589110336226e-06,-0.058524807119167264,-2815.8565830963216
40.5,-4.379747831722444e-09,-3.400917045596538e-11,-6.937870773016938e-12,-1.636415429261461e-06,-0.058731047893346114,-2821.068027294997
40.6,-1.0394136446661813e-11,-1.5460589836558842e-08,-3.153960326658004e-09,-1.6187620620159965e-06,-0.05893459685492343,-2826.272322780489
40.7,-7.273253944056204e-09,-2.9323642578397378e-08,-5.9820230859930655e-09,-1.6019780089883912e-06,-0.059135493138688384,-2831.469479354612
40.800000000000004,-2.5455406590783513e-08,-4.0327461689723926e-08,-8.226802184703681e-09,-1.5871576347308275e-06,-0.059333968682220926,-2836.659506802108
40.900000000000006,-5.276843537472328e-08,-4.745379697624893e-08,-9.680574583154784e-09,-1.5752026607888323e-06,-0.05953042584042986,-2841.8424148914487
41.0,-8.652495296866732e-08,-5.00523017021364e-08,-1.0210669547235826e-08,-1.566733385706295e-06,-0.059725398096932864,-2847.0182133758854
41.1,-1.2340418173276898e-07,-4.789743254918094e-08,-9.771076240032913e-09,-1.5620277311757273e-06,-0.059919497703207966,-2852.186911994659
41.2,-1.5978003582307474e-07,-4.12076392922005e-08,-8.406358415608903e-09,-1.5609941297227327e-06,-0.06011335538699995,-2857.348520474263
41.300000000000004,-1.9207894977182427e-07,-3.062551892038369e-08,-6.247605859758273e-09,-1.5631808903278859e-06,-0.06030755807155146,-2862.503048529645
41.400000000000006,-2.1713183959112874e-07,-1.716045436613605e-08,-3.500732690691755e-09,-1.5678210477958925e-06,-0.06050259075626564,-2867.6505058652538
41.5,-2.3248532694626606e-07,-2.098052666324357e-09,-4.280027439301689e-10,-1.573908186226702e-06,-0.060698788306704575,-2872.790902175821
41.6,-2.3664159010574121e-07,1.3116636068138153e-08,2.6757937579001835e-09,-1.5802956778173119e-06,-0.06089630192829077,-2877.924247146824
41.7,-2.2920346067356247e-07,2.7012731735155438e-08,5.510597273971709e-09,-1.585809495861832e-06,-0.061095083651626046,-2883.0505504545717
41.800000000000004,-2.109109003482454e-07,3.82326406963017e-08,7.799458702045548e-09,-1.589363465659834e-06,-0.061294890382637815,-2888.169821765897
41.900000000000006,-1.8356579262893213e-07,4.5664129675375205e-08,9.315482453776543e-09,-1.590065628859054e-06,-0.06149530714440042,-2893.282070737485
42.0,-1.498529849675891e-07,4.8552591925748404e-08,9.904728752852675e-09,-1.5873053242870166e-06,-0.06169578725016329,-2898.3873070148866
42.1,-1.1307563010596006e-07,4.6581743680381406e-08,9.502675710797807e-09,-1.5808125300141e-06,-0.06189570548464299,-2903.4855402313065
42.2,-7.683111942541178e-08,3.991332182409662e-08,8.14231765211571e-09,-1.5706837670138233e-06,-0.06209441909556237,-2908.5767800062818
42.300000000000004,-4.465949453617596e-08,2.917995096109238e-08,5.952709996062846e-09,-1.557372156695197e-06,-0.062291330633254614,-2913.661035944385
42.400000000000006,-1.9698658077454867e-08,1.542994338193975e-08,3.1477084499157095e-09,-1.5416427263392125e-06,-0.06248594649558639,-2918.7383176340786
42.5,-4.3797908105077205e-09,2.793115362571428e-11,5.697955339645714e-12,-1.5244974258459028e-06,-0.06267792545378291,-2923.808634646855
42.6,-1.9225866180761747e-10,-1.5479694940099705e-08,-3.15785776778034e-09,-1.5070772320041104e-06,-0.06286711240900833,-2928.871996536748
42.7,-7.540405826464048e-09,-2.9521211479111277e-08,-6.022327141738701e-09,-1.490550897710279e-06,-0.06305355406343736,-2933.9284128402896
42.800000000000004,-2.5705677092264336e-08,-4.066151607264271e-08,-8.294949278819114e-09,-1.476001152576442e-06,-0.06323749494327176,-2938.977893076912
42.900000000000006,-5.2917370308757494e-08,-4.775208524933982e-08,-9.741425390865323e-09,-1.4643193690609459e-06,-0.0634193541153534,-2944.0204467497765
43.0,-8.652495296866812e-08,-5.0052301702136405e-08,-1.0210669547235828e-08,-1.4561188646839786e-06,-0.0635996848110979,-2949.056083346936
43.1,-1.2325524679873343e-07,-4.730844967640727e-08,-9.650923733987083e-09,-1.4516752035290233e-06,-0.06377912083274116,-2954.084812342717
43.2,-1.5952976532159207e-07,-3.978133847016514e-08,-8.115393047913689e-09,-1.4508992637140504e-06,-0.06395831490904824,-2959.1066431991817
43.300000000000004,-1.9181179788941657e-07,-2.8219335137124093e-08,-5.756744367973316e-09,-1.453345696476483e-06,-0.06413787496706765,-2964.121585367505
43.400000000000006,-2.1694997506576828e-07,-1.3779830410519392e-08,-2.8110854037459563e-09,-1.4582560094450354e-06,-0.06431830451541778,-2969.1296482891366
43.5,-2.324852839674799e-07,2.091974649493039e-09,4.2676282849658003e-10,-1.4646321766765065e-06,-0.06449995296805348,-2974.13084139662
43.6,-2.3689182429783428e-07,1.7813336288714376e-08,3.633920602897733e-09,-1.4713337221975807e-06,-0.06468298080605929,-2979.1251741139877
43.7,-2.2972773715778903e-07,3.1826636546288586e-08,6.492633855442872e-09,-1.4771889226434944e-06,-0.06486734306270937,-2984.112655856704
43.800000000000004,-2.1168117909076648e-07,4.275681734976422e-08,8.7223907393519e-09,-1.481109353197443e-06,-0.06505279285438458,-2989.0932960311657
43.900000000000006,-1.845062130235592e-07,4.954705947765377e-08,1.010760013344137e-08,-1.4821966073560758e-06,-0.06523890473303352,-2994.0671040338234
44.0,-1.5085413587896677e-07,5.155916201982179e-08,1.0518069052043646e-08,-1.4798307094101178e-06,-0.06542511569158158,-2999.0340892500244
44.1,-1.1401605050058687e-07,4.862944547264728e-08,9.920406876420047e-09,-1.4737314604007092e-06,-0.06561077990235867,-3003.9942610527
44.2,-7.760139816793255e-08,4.107613622196875e-08,8.379531789281626e-09,-1.463986562228762e-06,-0.06579523188550265,-3008.9476288010333
44.300000000000004,-4.5183771020404745e-08,2.965941732034958e-08,6.0505211333513146e-09,-1.4510436066168502e-06,-0.06597785193168636,-3013.8942018392418
44.400000000000006,-1.9948892269547484e-08,1.550002897491169e-08,3.162005910881985e-09,-1.4356665804812898e-06,-0.0661581273353164,-3018.833989495589
44.5,-4.379747831722012e-09,-3.400917045666528e-11,-6.937870773159717e-12,-1.4188610708692935e-06,-0.06633570336507881,-3023.767001081714
44.6,-1.0394136446592614e-11,-1.546058983655814e-08,-3.153960326657861e-09,-1.4017754909403424e-06,-0.06651041887841219,-3028.693245892336
44.7,-7.273253944056023e-09,-2.9323642578397384e-08,-5.982023085993067e-09,-1.3855880686552321e-06,-0.06668232298250412,-3033.612733205349
44.800000000000004,-2.545540659078243e-08,-4.0327461689723496e-08,-8.226802184703594e-09,-1.3713907884285294e-06,-0.06685167100998686,-3038.5254722822942
44.900000000000006,-5.276843537472183e-08,-4.74537969762487e-08,-9.680574583154736e-09,-1.3600817996668987e-06,-0.06701890012657989,-3043.4314723691596
45.0,-8.65249529686689e-08,-5.0052301702136405e-08,-1.0210669547235828e-08,-1.3522769690031463e-06,-0.06718458691431559,-3048.3307426974293
45.1,-1.234041817327672e-07,-4.7897432549181124e-08,-9.77107624003295e-09,-1.3482493406405696e-06,-0.06734939107295176,-3053.2232924852938
45.2,-1.5978003582307312e-07,-4.1207639292200924e-08,-8.406358415608989e-09,-1.34790247853318e-06,-0.06751399077179089,-3058.1091309389094
45.300000000000004,-1.9207894977182554e-07,-3.062551892038314e-08,-6.247605859758161e-09,-1.3507802816131299e-06,-0.06767901602411266,-3062.9882672536028
45.400000000000006,-2.171318395911277e-07,-1.7160454366136703e-08,-3.5007326906918877e-09,-1.3561122337042508e-06,-0.06784498666244032,-3067.8607106149107
45.5,-2.324853269462655e-07,-2.0980526663250767e-09,-4.2800274393031567e-10,-1.3628895396764026e-06,-0.06801226104479371,-3072.726470199368
45.6,-2.3664159010574121e-07,1.3116636068138734e-08,2.675793757900302e-09,-1.3699645593651998e-06,-0.06818100056565442,-3077.5855551749655
45.7,-2.292034606735631e-07,2.701273173515482e-08,5.510597273971584e-09,-1.3761636802747127e-06,-0.0683511534870052,-3082.4379747012335
45.800000000000004,-2.1091090034824442e-07,3.823264069630215e-08,7.799458702045639e-09,-1.3804024883372592e-06,-0.06852245970047749,-3087.283737928937
45.900000000000006,-1.8356579262893361e-07,4.566412967537494e-08,9.315482453776488e-09,-1.3817919214827775e-06,-0.0686944759708767,-3092.1228539994013
46.0,-1.4985298496759078e-07,4.855259192574838e-08,9.90472875285267e-09,-1.3797250309036432e-06,-0.06886661919813455,-3096.955332043523
46.1,-1.1307563010595842e-07,4.658174368038121e-08,9.502675710797768e-09,-1.3739359269487235e-06,-0.06903822346714142,-3101.781181180559
46.2,-7.683111942541342e-08,3.9913321824097004e-08,8.14231765211579e-09,-1.3645252493506257e-06,-0.06920860530560492,-3106.600410516805
46.300000000000004,-4.4659494536177323e-08,2.917995096109303e-08,5.952709996062978e-09,-1.351949796669896e-06,-0.06937713076952803,-3111.4130291442934
46.400000000000006,-1.9698658077453977e-08,1.5429943381939095e-08,3.1477084499155755e-09,-1.3369774506972504e-06,-0.06954327779996258,-3116.2190461396526
46.5,-4.379790810508186e-09,2.7931153626450394e-11,5.697955339795881e-12,-1.320611895967134e-06,-0.06970668775779765,-3121.018470563241
46.6,-1.922586618075437e-10,-1.5479694940099007e-08,-3.157857767780198e-09,-1.3039945388255005e-06,-0.06986720109778587,-3125.8113114586604
46.7,-7.540405826464622e-09,-2.9521211479111863e-08,-6.022327141738821e-09,-1.288293200501811e-06,-0.07002487368436446,-3130.59757785271
46.800000000000004,-2.5705677092263244e-08,-4.066151607264228e-08,-8.294949278819026e-09,-1.2745883948827734e-06,-0.07017997212970926,-3135.37727875579
46.900000000000006,-5.291737030875885e-08,-4.775208524934005e-08,-9.741425390865371e-09,-1.2637681963343033e-06,-0.07033294856746396,-3140.1504231627273
47.0,-8.65249529686697e-08,-5.00523017021364e-08,-1.0210669547235826e-08,-1.2564418473172122e-06,-0.07048439726877634,-3144.9170200539365
47.1,-1.2325524679873168e-07,-4.730844967640749e-08,-9.650923733987128e-09,-1.2528804383340584e-06,-0.07063499727051711,-3149.6770783968045
47.2,-1.595297653215936e-07,-3.978133847016475e-08,-8.11539304791361e-09,-1.2529903894856964e-06,-0.07078544655099914,-3154.430607147147
47.300000000000004,-1.9181179788941533e-07,-2.8219335137124715e-08,-5.756744367973442e-09,-1.2563223188341591e-06,-0.0709363941257547,-3159.177615250588
47.400000000000006,-2.169499750657673e-07,-1.3779830410520112e-08,-2.811085403746103e-09,-1.2621144905759405e-06,-0.07108837666369323,-3163.9181116437207
47.5,-2.3248528396748042e-07,2.0919746494937547e-09,4.26762828496726e-10,-1.2693667106795091e-06,-0.07124176581749614,-3168.652105254922
47.6,-2.3689182429783438e-07,1.781333628871367e-08,3.6339206028975893e-09,-1.276937589718494e-06,-0.07139673145574517,-3173.3796050047517
47.7,-2.2972773715778964e-07,3.1826636546288004e-08,6.492633855442753e-09,-1.283655801892036e-06,-0.07155322446901516,-3178.1006198058913
47.800000000000004,-2.1168117909076542e-07,4.275681734976465e-08,8.722390739351988e-09,-1.2884345597510403e-06,-0.07171098093826503,-3182.8151585626442
47.900000000000006,-1.8450621302356052e-07,4.954705947765357e-08,1.0107600133441329e-08,-1.2903781427832828e-06,-0.07186954737895507,-3187.5232301700566
48.0,-1.508541358789652e-07,5.155916201982177e-08,1.0518069052043642e-08,-1.2888700179391497e-06,-0.07202832470760354,-3192.2248435127594
48.1,-1.1401605050058524e-07,4.8629445472647036e-08,9.920406876419997e-09,-1.2836338217795376e-06,-0.07218662672125721,-3196.9200074636537
48.2,-7.760139816793423e-08,4.107613622196924e-08,8.379531789281725e-09,-1.2747610847943017e-06,-0.0723437474202791,-3201.608730882579
48.300000000000004,-4.518377102040345e-08,2.9659417320349e-08,6.050521133351196e-09,-1.2627028239317106e-06,-0.07249903059105627,-3206.2910226150943
48.400000000000006,-1.994889226954845e-08,1.55000289749124e-08,3.1620059108821295e-09,-1.2482256938432968e-06,-0.0726519347959625,-3210.966891491488
48.5,-4.379747831722487e-09,-3.400917045592861e-11,-6.937870773009437e-12,-1.2323369146799764e-06,-0.07280208732807025,-3215.6363463261073
48.6,-1.0394136446657406e-11,-1.5460589836558793e-08,-3.153960326657994e-09,-1.2161853248537571e-06,-0.0729493217440226,-3220.2993959170617
48.7,-7.273253944055419e-09,-2.932364257839679e-08,-5.9820230859929455e-09,-1.2009483169049577e-06,-0.07309369518998017,-3224.9560490463173
48.800000000000004,-2.545540659078345e-08,-4.032746168972389e-08,-8.226802184703675e-09,-1.1877158511063324e-06,-0.07323548372536914,-3229.606314480167
48.900000000000006,-5.2768435374723196e-08,-4.745379697624893e-08,-9.680574583154784e-09,-1.1773830526174162e-06,-0.07337515602871401,-3234.2502009700297
49.0,-8.652495296866721e-08,-5.00523017021364e-08,-1.0210669547235826e-08,-1.1705620493214987e-06,-0.07351332801983174,-3238.8877172535
49.1,-1.2340418173276884e-07,-4.789743254918096e-08,-9.771076240032916e-09,-1.1675217856211314e-06,-0.07365070283594294,-3243.5188720555548
49.2,-1.5978003582307463e-07,-4.120763929220055e-08,-8.406358415608912e-09,-1.1681617503692331e-06,-0.07378800206348994,-3248.143674089815
49.300000000000004,-1.9207894977182427e-07,-3.062551892038371e-08,-6.247605859758277e-09,-1.1720221718385372e-06,-0.07392589500503098,-3252.7621320597455
49.400000000000006,-2.1713183959112856e-07,-1.7160454366136078e-08,-3.5007326906917603e-09,-1.1783296041496993e-06,-0.0740649329636167,-3257.374254659698
49.5,-2.3248532694626606e-07,-2.0980526663243935e-09,-4.280027439301763e-10,-1.1860733242360052e-06,-0.07420549503600316,-3261.9800505756953
49.6,-2.3664159010574121e-07,1.311663606813808e-08,2.6757937579001686e-09,-1.1941049262325533e-06,-0.07434775077119254,-3266.579528485888
49.7,-2.2920346067356255e-07,2.701273173515539e-08,5.5105972739716995e-09,-1.2012512397760667e-06,-0.07449164338658994,-3271.17269706064
49.800000000000004,-2.1091090034824548e-07,3.8232640696301674e-08,7.799458702045541e-09,-1.2064294283099226e-06,-0.07463689520717491,-3275.75956496222
49.900000000000006,-1.8356579262893224e-07,4.566412967537516e-08,9.315482453776533e-09,-1.208752960462274e-06,-0.07478303480527244,-3280.340140844126
50.0,-1.498529849675892e-07,4.85525919257484e-08,9.904728752852673e-09,-1.207618098245868e-06,-0.07492944318628746,-3284.9144333500985
50.1,-1.1307563010596023e-07,4.65817436803814e-08,9.502675710797806e-09,-1.2027625064899307e-06,-0.07507541449883627,-3289.4824511129054
50.2,-7.68311194254119e-08,3.991332182409662e-08,8.14231765211571e-09,-1.1942903565656637e-06,-0.07522022532827975,-3294.0442027530203
50.300000000000004,-4.465949453617603e-08,2.917995096109248e-08,5.952709996062867e-09,-1.1826615952517886e-06,-0.0753632057977712,-3298.5996968773215
50.400000000000006,-1.969865807745494e-08,1.5429943381939836e-08,3.147708449915727e-09,-1.1686465495386902e-06,-0.07550380552943325,-3303.148942077947
50.5,-4.379790810507751e-09,2.7931153625763362e-11,5.697955339655726e-12,-1.153250398269379e-06,-0.07564164802377117,-3307.6919469314307
50.6,-1.9225866180761243e-10,-1.547969494009963e-08,-3.1578577677803244e-09,-1.137614938523349e-06,-0.07577656814572047,-3312.228719998213
50.7,-7.540405826464008e-09,-2.9521211479111247e-08,-6.022327141738695e-09,-1.1229072351413583e-06,-0.07590862904872331,-3316.7592698225944
50.800000000000004,-2.5705677092264253e-08,-4.066151607264268e-08,-8.294949278819107e-09,-1.1102059672486754e-06,-0.07603811686351926,-3321.283604933139
50.900000000000006,-5.291737030875741e-08,-4.7752085249339845e-08,-9.74142539086533e-09,-1.10039646930622e-06,-0.07616551363312339,-3325.801733843497
51.0,-8.6524952968668e-08,-5.0052301702136405e-08,-1.0210669547235828e-08,-1.0940845985416692e-06,-0.07629145108315856,-3330.3136650535685
51.1,-1.2325524679873327e-07,-4.730844967640727e-08,-9.650923733987083e-09,-1.0915377352070915e-06,-0.07641664967634698,-3334.8194070508835
51.2,-1.5952976532159193e-07,-3.978133847016515e-08,-8.115393047913692e-09,-1.0926586132989919e-06,-0.07654184883467864,-3339.318968312059
51.300000000000004,-1.9181179788941652e-07,-2.821933513712417e-08,-5.7567443679733305e-09,-1.096994532872786e-06,-0.07666773508573549,-3343.812357304179
51.400000000000006,-2.169499750657682e-07,-1.3779830410519443e-08,-2.8110854037459666e-09,-1.1037811137663157e-06,-0.07679487511632026,-3348.299582485951
51.5,-2.324852839674799e-07,2.0919746494930007e-09,4.2676282849657217e-10,-1.1120164292211166e-06,-0.0769236602723074,-3352.7806523085237
51.6,-2.3689182429783428e-07,1.7813336288714327e-08,3.633920602897723e-09,-1.1205584167094632e-06,-0.07705426796638633,-3357.2555752158823
51.7,-2.297277371577891e-07,3.182663654628856e-08,6.492633855442866e-09,-1.128236181331282e-06,-0.0771866438427405,-3361.724359644788
51.800000000000004,-2.1168117909076653e-07,4.2756817349764244e-08,8.722390739351906e-09,-1.1339644076924173e-06,-0.07732050654915183,-3366.1870140242763
51.900000000000006,-1.845062130235592e-07,4.954705947765377e-08,1.010760013344137e-08,-1.1368497251267866e-06,-0.07745537477106555,-3370.643546774778
52.0,-1.5085413587896365e-07,5.155916201982175e-08,1.0518069052043639e-08,-1.1362785807146716e-06,-0.07759061399964876,-3375.0939663069585
52.1,-1.1401605050058702e-07,4.8629445472647254e-08,9.92040687642004e-09,-1.1319779142499288e-06,-0.07772549855041844,-3379.538281020405
52.2,-7.760139816793264e-08,4.10761362219688e-08,8.379531789281636e-09,-1.1240425459362401e-06,-0.07785928281615223,-3383.9764993022914
52.300000000000004,-4.5183771020404824e-08,2.9659417320349626e-08,6.0505211333513245e-09,-1.1129264359224475e-06,-0.07799127478502388,-3388.4086295261595
52.400000000000006,-1.994889226954753e-08,1.550002897491174e-08,3.162005910881995e-09,-1.0993985388485875e-06,-0.07812090458461433,-3392.8346800509285
52.5,-4.379747831722037e-09,-3.400917045659158e-11,-6.9378707731446834e-12,-1.0844675002596889e-06,-0.07824778125989185,-3397.254659220223
52.6,-1.039413644659003e-11,-1.5460589836558094e-08,-3.1539603266578513e-09,-1.0692825657639598e-06,-0.07837173212124168,-3401.668575362075
52.7,-7.273253944055985e-09,-2.9323642578397305e-08,-5.9820230859930506e-09,-1.0550204747131916e-06,-0.07849282069989627,-3406.0764367890183
52.800000000000004,-2.5455406590782355e-08,-4.0327461689723496e-08,-8.226802184703594e-09,-1.042769536487895e-06,-0.07861134145542635,-3410.4782517985577
52.900000000000006,-5.276843537472175e-08,-4.745379697624872e-08,-9.680574583154739e-09,-1.0334223881633181e-06,-0.07872779168293129,-3414.8740286739667
53.0,-8.65249529686688e-08,-5.0052301702136405e-08,-1.0210669547235828e-08,-1.027588073956842e-06,-0.07884282333447873,-3419.263775685336
53.1,-1.234041817327671e-07,-4.7897432549181124e-08,-9.77107624003295e-09,-1.025532157099114e-06,-0.07895717947130108,-3423.6475010907816
53.2,-1.5978003582307297e-07,-4.120763929220096e-08,-8.406358415608995e-09,-1.0271507723525021e-06,-0.07907162159809208,-3428.025213137702
53.300000000000004,-1.9207894977182546e-07,-3.062551892038315e-08,-6.247605859758164e-09,-1.0319811398815746e-06,-0.07918685504391307,-3432.3969200639813
53.400000000000006,-2.1713183959112774e-07,-1.7160454366136783e-08,-3.500732690691904e-09,-1.0392474336857712e-06,-0.07930345975447409,-3436.7626300990273
53.5,-2.324853269462655e-07,-2.098052666325089e-09,-4.280027439303182e-10,-1.0479373965045192e-06,-0.07942183332887855,-3441.122351464557
53.6,-2.3664159010574121e-07,1.311663606813872e-08,2.6757937579002993e-09,-1.056902067538647e-06,-0.0795421519248954,-3445.4760923750537
53.7,-2.2920346067356319e-07,2.701273173515477e-08,5.510597273971574e-09,-1.0649687374318843e-06,-0.07966435289252526,-3449.823861037847
53.800000000000004,-2.109109003482445e-07,3.823264069630213e-08,7.799458702045636e-09,-1.0710559840907871e-06,-0.07978814085281156,-3454.165665652809
53.900000000000006,-1.835657926289337e-07,4.566412967537494e-08,9.315482453776488e-09,-1.0742794895247698e-06,-0.07991301663084283,-3458.501514411675
54.0,-1.498529849675909e-07,4.855259192574838e-08,9.90472875285267e-09,-1.0740382973953127e-06,-0.08003832620708014,-3462.831415497056
54.1,-1.1307563010595857e-07,4.65817436803812e-08,9.502675710797766e-09,-1.0700731388283973e-06,-0.08016332489020948,-3467.1553770812216
54.2,-7.683111942541355e-08,3.991332182409704e-08,8.142317652115798e-09,-1.062491227608986e-06,-0.08028725042890977,-3471.473407324781
54.300000000000004,-4.46594945361774e-08,2.917995096109303e-08,5.952709996062978e-09,-1.0517552258304135e-06,-0.08040939791250423,-3475.7855143753777
54.400000000000006,-1.9698658077454043e-08,1.5429943381939142e-08,3.147708449915585e-09,-1.0386375802493784e-06,-0.0805291891431154,-3480.091706366545
54.5,-4.3797908105082036e-09,2.793115362649954e-11,5.697955339805906e-12,-1.0241447860616775e-06,-0.08064622970749931,-3484.391991416841
54.6,-1.92258661807537e-10,-1.5479694940098964e-08,-3.1578577677801887e-09,-1.0094190256900268e-06,-0.08076034817874869,-3488.686377629359
54.7,-7.540405826464582e-09,-2.9521211479111803e-08,-6.022327141738808e-09,-9.956267826558074e-07,-0.08087161361719139,-3492.9748730916795
54.800000000000004,-2.5705677092263168e-08,-4.066151607264226e-08,-8.294949278819023e-09,-9.838452469831497e-07,-0.08098032964617258,-3497.2574858762728
54.900000000000006,-5.2917370308758765e-08,-4.775208524934005e-08,-9.741425390865371e-09,-9.74957503015655e-07,-0.08108700564841972,-3501.5342240413215
55.0,-8.652495296866957e-08,-5.00523017021364e-08,-1.0210669547235826e-08,-9.695666163716281e-07,-0.08119230784473307,-3505.805095631883
55.1,-1.2325524679873152e-07,-4.730844967640757e-08,-9.650923733987144e-09,-9.679369044696397e-07,-0.08129699496761406,-3510.0701086812674
55.2,-1.5952976532159347e-07,-3.978133847016472e-08,-8.115393047913603e-09,-9.699680615904865e-07,-0.08140184474273468,-3514.329271212496
55.300000000000004,-1.9181179788941512e-07,-2.8219335137124778e-08,-5.7567443679734554e-09,-9.752046609208768e-07,-0.08150757829796025,-3518.5825912396795
55.400000000000006,-2.1694997506576717e-07,-1.3779830410520163e-08,-2.8110854037461135e-09,-9.82880165464159e-07,-0.08161478984532529,-3522.830076769172
55.5,-2.3248528396748032e-07,2.091974649493704e-09,4.2676282849671564e-10,-9.919912617797122e-07,-0.08172388850145185,-3527.0717358003913
55.6,-2.3689182429783438e-07,1.781333628871361e-08,3.6339206028975764e-09,-1.0013953950124387e-06,-0.08183505796762594,-3531.3075763262095
55.7,-2.2972773715778964e-07,3.1826636546288004e-08,6.492633855442753e-09,-1.0099221091305141e-06,-0.08194823808603328,-3535.537606332894
55.800000000000004,-2.116811790907655e-07,4.27568173497646e-08,8.72239073935198e-09,-1.0164874052625172e-06,-0.08206313018162763,-3539.7618337996055
55.900000000000006,-1.8450621302356067e-07,4.954705947765357e-08,1.0107600133441329e-08,-1.0201999686518027e-06,-0.08217922578860944,-3543.9802666975156
56.0,-1.5085413587896532e-07,5.155916201982177e-08,1.0518069052043642e-08,-1.0204488324658386e-06,-0.08229585606840563,-3548.1929129886485
56.1,-1.1401605050058537e-07,4.8629445472647036e-08,9.920406876419997e-09,-1.016963793226569e-06,-0.08241225717665931,-3552.3997806245643
56.2,-7.760139816793431e-08,4.107613622196924e-08,8.379531789281725e-09,-1.0098425141242812e-06,-0.08252764523494481,-3556.6008775450246
56.300000000000004,-4.5183771020403574e-08,2.965941732034905e-08,6.050521133351207e-09,-9.995415032235672e-07,-0.082641293573219,-3560.7962116767726
56.400000000000006,-1.9948892269548516e-08,1.5500028974912445e-08,3.162005910882139e-09,-9.868317173201664e-07,-0.08275260463770535,-3564.985790932542
56.5,-4.379747831722512e-09,-3.400917045590408e-11,-6.937870773004433e-12,-9.72723062842257e-07,-0.08286116944158091,-3569.169623210384
56.6,-1.0394136446652766e-11,-1.5460589836558783e-08,-3.153960326657992e-09,-9.5836518369074e-07,-0.08296680863198626,-3573.347716393369
56.7,-7.273253944055374e-09,-2.9323642578396703e-08,-5.982023085992928e-09,-9.449343193689675e-07,-0.08306959104253345,-3577.520078349678
56.800000000000004,-2.545540659078336e-08,-4.032746168972389e-08,-8.226802184703675e-09,-9.335174344465822e-07,-0.08316982781897703,-3581.6867169330735
56.900000000000006,-5.276843537472307e-08,-4.745379697624888e-08,-9.680574583154772e-09,-9.250051122186542e-07,-0.08326804262549077,-3585.8476399836954
57.0,-8.652495296866709e-08,-5.00523017021364e-08,-1.0210669547235826e-08,-9.200038388318982e-07,-0.0833649208165672,-3590.0028553291095
57.1,-1.2340418173276874e-07,-4.789743254918101e-08,-9.771076240032928e-09,-9.187763676910761e-07,-0.08346124255492882,-3594.1523707855117
57.2,-1.5978003582307453e-07,-4.1207639292200554e-08,-8.406358415608914e-09,-9.212160470229769e-07,-0.08355780645753005,-3598.296194158989
57.300000000000004,-1.9207894977182408e-07,-3.062551892038376e-08,-6.247605859758288e-09,-9.268576040422909e-07,-0.08365535129862188,-3602.4343332467174
57.400000000000006,-2.1713183959112856e-07,-1.716045436613614e-08,-3.500732690691773e-09,-9.349232524903934e-07,-0.08375448349652503,-3606.5667958380027
57.5,-2.3248532694626606e-07,-2.0980526663244415e-09,-4.280027439301861e-10,-9.44399492423773e-07,-0.08385561754068412,-3610.693589715063
57.6,-2.3664159010574121e-07,1.3116636068138018e-08,2.675793757900156e-09,-9.541369511523736e-07,-0.08395893523640559,-3614.8147226534848
57.7,-2.2920346067356263e-07,2.7012731735155362e-08,5.5105972739716945e-09,-9.629633695095373e-07,-0.08406436778568402,-3618.930202422305
57.800000000000004,-2.1091090034824548e-07,3.82326406963017e-08,7.799458702045548e-09,-9.69798584824901e-07,-0.08417160247000549,-3623.040036783701
57.900000000000006,-1.835657926289324e-07,4.566412967537518e-08,9.315482453776538e-09,-9.737602167297807e-07,-0.08428011327925629,-3627.144233492317
58.0,-1.4985298496758933e-07,4.85525919257484e-08,9.904728752852673e-09,-9.742497289226998e-07,-0.08438921247947273,-3631.2428002942706
58.1,-1.130756301059603e-07,4.65817436803814e-08,9.502675710797806e-09,-9.71010514021242e-07,-0.08449811806223027,-3635.3357449259383
58.2,-7.683111942541198e-08,3.991332182409667e-08,8.142317652115722e-09,-9.641524264004175e-07,-0.08460603046979503,-3639.4230751126324
58.300000000000004,-4.465949453617611e-08,2.917995096109248e-08,5.952709996062867e-09,-9.541404897640584e-07,-0.08471221109190306,-3643.5047985672973
58.400000000000006,-1.9698658077454996e-08,1.542994338193985e-08,3.1477084499157297e-09,-9.417490047699478e-07,-0.08481605486657355,-3647.580922989364
58.5,-4.379790810507781e-09,2.79311536258247e-11,5.697955339668239e-12,-9.279856354531714e-07,-0.08491714990079965,-3651.6514560638825
58.6,-1.9225866180760863e-10,-1.5479694940099606e-08,-3.15785776778032e-09,-9.139929388905654e-07,-0.08501531829683424,-3655.716405461035
58.7,-7.540405826463978e-09,-2.9521211479111234e-08,-6.022327141738693e-09,-9.009369482324476e-07,-0.0851106341999038,-3659.775778836082
58.800000000000004,-2.5705677092264177e-08,-4.066151607264268e-08,-8.294949278819107e-09,-8.898936278735098e-07,-0.08520341729466752,-3663.8295838297686
58.900000000000006,-5.29173703087573e-08,-4.7752085249339845e-08,-9.74142539086533e-09,-8.817441860822601e-07,-0.08529420235681111,-3667.877828069144
59.0,-8.652495296866791e-08,-5.0052301702136405e-08,-1.0210669547235828e-08,-8.770893490045086e-07,-0.08538368778477391,-3671.920519168723
59.1,-1.2325524679873316e-07,-4.730844967640727e-08,-9.650923733987083e-09,-8.76190861756869e-07,-0.08547266807384749,-3675.9576647318645
59.2,-1.595297653215918e-07,-3.9781338470165204e-08,-8.115393047913702e-09,-8.789458648541453e-07,-0.08556195675726976,-3679.9892723522285
59.300000000000004,-1.9181179788941644e-07,-2.821933513712416e-08,-5.756744367973329e-09,-8.848966439354709e-07,-0.08565230727781512,-3684.0153496151515
59.400000000000006,-2.1694997506576812e-07,-1.3779830410519488e-08,-2.8110854037459757e-09,-8.932748608026593e-07,-0.08574433947816824,-3688.035904098805
59.5,-2.324852839674799e-07,2.0919746494929515e-09,4.2676282849656214e-10,-9.030760587278475e-07,-0.08583847888471638,-3692.050943375008
59.6,-2.3689182429783428e-07,1.7813336288714277e-08,3.633920602897713e-09,-9.131573043034236e-07,-0.08593491475170344,-3696.060475009623
59.7,-2.297277371577891e-07,3.1826636546288514e-08,6.492633855442857e-09,-9.223485598566473e-07,-0.08603358104082504,-3700.0645065624926
59.800000000000004,-2.116811790907666e-07,4.27568173497642e-08,8.722390739351897e-09,-9.295669966053645e-07,-0.08613416230164779,-3704.0630455869364
59.900000000000006,-1.8450621302355935e-07,4.9547059477653747e-08,1.0107600133441365e-08,-9.33923103771087e-07,-0.0862361239993163,-3708.0560996288714
60.0,-1.5085413587896698e-07,5.15591620198218e-08,1.0518069052043647e-08,-9.34808173554931e-07,-0.08633876444018315,-3712.043676225648
60.1,-1.1401605050058712e-07,4.86294454726473e-08,9.92040687642005e-09,-9.319544942895119e-07,-0.08644128330769026,-3716.0257829047373
60.2,-7.760139816793277e-08,4.107613622196881e-08,8.379531789281638e-09,-9.254622098002695e-07,-0.08654286015376575,-3720.0024271823922
60.300000000000004,-4.5183771020404904e-08,2.9659417320349702e-08,6.050521133351339e-09,-9.157900558931428e-07,-0.08664273516631596,-3723.973616562429
60.400000000000006,-1.994889226954761e-08,1.550002897491178e-08,3.1620059108820034e-09,-9.037107484394376e-07,-0.08674028426109076,-3727.9393585352345
60.5,-4.379747831722074e-09,-3.40091704565548e-11,-6.937870773137179e-12,-8.902353156107962e-07,-0.08683508106221374,-3731.899660577092
60.6,-1.0394136446583619e-11,-1.5460589836558068e-08,-3.153960326657846e-09,-8.765137806301093e-07,-0.08692693959633448,-3735.854530149882
60.7,-7.273253944055945e-09,-2.9323642578397295e-08,-5.982023085993049e-09,-8.637219884933397e-07,-0.08701593341035892,-3739.8039747011744
60.800000000000004,-2.545540659078228e-08,-4.0327461689723437e-08,-8.226802184703582e-09,-8.529457804165586e-07,-0.08710238914645009,-3743.7480016646978
60.900000000000006,-5.276843537472164e-08,-4.745379697624872e-08,-9.680574583154739e-09,-8.450740039295201e-07,-0.08718685513833555,-3747.6866184611335
61.0,-8.652495296866869e-08,-5.0052301702136405e-08,-1.0210669547235828e-08,-8.407109728480387e-07,-0.08727004807529005,-3751.6198324991637
61.1,-1.2340418173276702e-07,-4.78974325491812e-08,-9.771076240032966e-09,-8.401170490866928e-07,-0.0873527829639642,-3755.5476511766774
61.2,-1.5978003582307289e-07,-4.1207639292200964e-08,-8.406358415608997e-09,-8.431832073970209e-07,-0.0874358932832076,-3759.4700818820256
61.300000000000004,-1.9207894977182538e-07,-3.062551892038321e-08,-6.247605859758176e-09,-8.49442052980984e-07,-0.08752014920585655,-3763.387131995224
61.400000000000006,-2.1713183959112753e-07,-1.7160454366136856e-08,-3.5007326906919188e-09,-8.581141359115168e-07,-0.08760618195668803,-3767.2988088889883
61.5,-2.324853269462655e-07,-2.0980526663251367e-09,-4.280027439303279e-10,-8.681849112850305e-07,-0.08769442176932185,-3771.2051199295192
61.6,-2.3664159010574121e-07,1.3116636068138671e-08,2.675793757900289e-09,-8.785046788332508e-07,-0.08778505555928261,-3775.106072476956
61.7,-2.2920346067356319e-07,2.701273173515472e-08,5.510597273971563e-09,-8.879015971679348e-07,-0.08787800848178644,-3779.001673885458
61.800000000000004,-2.1091090034824456e-07,3.8232640696302104e-08,7.799458702045629e-09,-8.952966219582649e-07,-0.08797295118645242,-3782.8919315028957
61.900000000000006,-1.8356579262893385e-07,4.566412967537492e-08,9.315482453776485e-09,-8.998090791442263e-07,-0.08806933205168802,-3786.776852670173
62.0,-1.49852984967591e-07,4.855259192574838e-08,9.90472875285267e-09,-9.008425577844778e-07,-0.08816643122920888,-3790.6564447202345
62.1,-1.1307563010595865e-07,4.658174368038122e-08,9.50267571079777e-09,-8.981427864848408e-07,-0.08826343119495925,-3794.530714976852
62.2,-7.683111942541365e-08,3.991332182409707e-08,8.142317652115803e-09,-8.91821938832963e-07,-0.08835949689451576,-3798.399670753298
62.300000000000004,-4.4659494536177476e-08,2.9179950961093078e-08,5.952709996062988e-09,-8.823471168237614e-07,-0.08845385764361849,-3802.2633193510424
62.400000000000006,-1.9698658077454112e-08,1.542994338193919e-08,3.1477084499155953e-09,-8.704942593873204e-07,-0.08854588278470937,-3806.1216680586067
62.5,-4.379790810508233e-09,2.793115362658534e-11,5.69795533982341e-12,-8.572720739860154e-07,-0.08863514371967643,-3809.974724150695
62.6,-1.9225866180753196e-10,-1.547969494009889e-08,-3.157857767780174e-09,-8.43823470504656e-07,-0.08872145627313498,-3813.8224948877046
62.7,-7.540405826464534e-09,-2.952121147911179e-08,-6.022327141738806e-09,-8.313141164685046e-07,-0.08880489925683845,-3817.664987515677
62.800000000000004,-2.5705677092263105e-08,-4.0661516072642255e-08,-8.294949278819021e-09,-8.208189345587816e-07,-0.08888580741682192,-3821.502209266696
62.900000000000006,-5.291737030875866e-08,-4.775208524933998e-08,-9.741425390865356e-09,-8.132175230724054e-07,-0.08896473942720343,-3825.334167359712
63.0,-8.652495296866945e-08,-5.00523017021364e-08,-1.0210669547235826e-08,-8.091085922289282e-07,-0.0890424240102656,-3829.1608690017
63.1,-1.2325524679873142e-07,-4.730844967640757e-08,-9.650923733987144e-09,-8.087516658419235e-07,-0.0891196893814294,-3832.9823213890395
63.2,-1.5952976532159334e-07,-3.978133847016479e-08,-8.115393047913618e-09,-8.120416768573331e-07,-0.0891973828388773,-3836.7985317089674
63.300000000000004,-1.9181179788941512e-07,-2.8219335137124788e-08,-5.756744367973457e-09,-8.185189333932832e-07,-0.08927628828678826,-3840.6095071409563
63.400000000000006,-2.1694997506576717e-07,-1.3779830410520191e-08,-2.8110854037461193e-09,-8.274135424380861e-07,-0.08935704970505189,-3844.415254857869
63.5,-2.3248528396748032e-07,2.091974649493666e-09,4.2676282849670793e-10,-8.377200657537426e-07,-0.08944010803270269,-3848.215782026773
63.6,-2.3689182429783428e-07,1.7813336288713572e-08,3.633920602897569e-09,-8.482952560034932e-07,-0.08952565766456057,-3852.011095809334
63.7,-2.2972773715778972e-07,3.1826636546287925e-08,6.492633855442737e-09,-8.579694583286483e-07,-0.08961362688617577,-3855.8012033617524
63.800000000000004,-2.1168117909076563e-07,4.2756817349764575e-08,8.722390739351974e-09,-8.656608850053317e-07,-0.08970368426527182,-3859.5861118342596
63.900000000000006,-1.8450621302356073e-07,4.954705947765352e-08,1.010760013344132e-08,-8.704816223289912e-07,-0.08979527049631247,-3863.365828370236
64.0,-1.5085413587896542e-07,5.155916201982178e-08,1.0518069052043644e-08,-8.7182495967911e-07,-0.08988765270078586,-3867.14036010505
64.10000000000001,-1.1401605050058548e-07,4.862944547264709e-08,9.920406876420007e-09,-8.694253883117366e-07,-0.08997999596332558,-3870.909714164739
64.2,-7.760139816793443e-08,4.1076136221969286e-08,8.379531789281735e-09,-8.633852469081342e-07,-0.0900714451549639,-3874.6738976646757
64.3,-4.518377102040628e-08,2.9659417320350278e-08,6.050521133351457e-09,-8.541652457379147e-07,-0.09016120903705242,-3878.4329177083446
64.4,-1.994889226954858e-08,1.5500028974912495e-08,3.162005910882149e-09,-8.425396647537421e-07,-0.0902486383661996,-3882.18678138635
64.5,-4.379747831722549e-09,-3.4009170455793546e-11,-6.937870772981884e-12,-8.295205368471658e-07,-0.09033329026820039,-3885.9354957757414
64.60000000000001,-1.039413644678156e-11,-1.5460589836560076e-08,-3.153960326658256e-09,-8.162582372469337e-07,-0.09041497247072491,-3889.679067939713
64.7,-7.27325394405534e-09,-2.9323642578396713e-08,-5.98202308599293e-09,-8.03928281570325e-07,-0.09049376295415164,-3893.417504927696
64.8,-2.545540659078121e-08,-4.0327461689723006e-08,-8.226802184703495e-09,-7.93615538846491e-07,-0.09057000300332518,-3897.1508137758246
64.9,-5.2768435374723005e-08,-4.745379697624888e-08,-9.680574583154772e-09,-7.862073432563785e-07,-0.09064426427804084,-3900.879001507733
65.0,-8.6524952968667e-08,-5.00523017021364e-08,-1.0210669547235826e-08,-7.823061083643e-07,-0.09071729310154648,-3904.6020751356004
65.10000000000001,-1.23404181732772e-07,-4.78974325491806e-08,-9.771076240032843e-09,-7.821701001813475e-07,-0.09078993743383554,-3908.320041661356
65.2,-1.5978003582307445e-07,-4.120763929220056e-08,-8.406358415608914e-09,-7.856882109976313e-07,-0.0908630637213456,-3912.032908077935
65.3,-1.9207894977182135e-07,-3.062551892038491e-08,-6.247605859758523e-09,-7.923911832253729e-07,-0.09093747182366325,-3915.7406813704793
65.4,-2.1713183959112848e-07,-1.7160454366136204e-08,-3.500732690691786e-09,-8.014981069960194e-07,-0.09101381641069056,-3919.4433685173726
65.5,-2.3248532694626598e-07,-2.098052666324476e-09,-4.280027439301931e-10,-8.119935227403859e-07,-0.09109254258283729,-3923.140976491024
65.60000000000001,-2.3664159010574114e-07,1.311663606813933e-08,2.6757937579004234e-09,-8.227274489553039e-07,-0.09117384205831723,-3926.8335122583226
65.7,-2.2920346067356263e-07,2.701273173515529e-08,5.51059727397168e-09,-8.325284222165383e-07,-0.09125763423806997,-3930.5209827807157
65.8,-2.109109003482457e-07,3.823264069630165e-08,7.799458702045536e-09,-8.403183967354274e-07,-0.09134357400412739,-3934.203395013901
65.9,-1.8356579262893248e-07,4.566412967537515e-08,9.315482453776531e-09,-8.452182187908923e-07,-0.09143108547584095,-3937.880755907148
66.0,-1.498529849675894e-07,4.85525919257484e-08,9.904728752852673e-09,-8.466333706343968e-07,-0.0915194184005952,-3941.553072402303
66.10000000000001,-1.1307563010595704e-07,4.658174368038102e-08,9.50267571079773e-09,-8.443116625915172e-07,-0.0916077216417138,-3945.2203514325765
66.2,-7.683111942541208e-08,3.9913321824096646e-08,8.142317652115717e-09,-8.38367336905288e-07,-0.0916951265618005,-3948.8825999212163
66.3,-4.465949453617884e-08,2.917995096109368e-08,5.9527099960631114e-09,-8.292693520132479e-07,-0.09178083214476625,-3952.539824780202
66.4,-1.969865807745507e-08,1.542994338193991e-08,3.1477084499157417e-09,-8.177951137516363e-07,-0.09186418354360809,-3956.192032909098
66.5,-4.379790810507806e-09,2.79311536258738e-11,5.6979553396782556e-12,-8.049542686192299e-07,-0.09194473639437255,-3959.8392311941866
66.60000000000001,-1.9225866180760273e-10,-1.547969494009954e-08,-3.157857767780306e-09,-7.918900515950201e-07,-0.09202230063177562,-3963.481426507976
66.7,-7.54040582646393e-09,-2.952121147911118e-08,-6.022327141738681e-09,-7.797678156260994e-07,-0.09209695953982115,-3967.1186257091485
66.8,-2.570567709226202e-08,-4.0661516072641825e-08,-8.294949278818933e-09,-7.696615658777517e-07,-0.09216906217602285,-3970.750835642963
66.9,-5.2917370308757196e-08,-4.77520852493398e-08,-9.74142539086532e-09,-7.624494753901639e-07,-0.09223918988790604,-3974.3780631420736
67.0,-8.652495296866779e-08,-5.005230170213641e-08,-1.0210669547235828e-08,-7.587284653695193e-07,-0.09230810014805048,-3978.0003150276893
67.10000000000001,-1.2325524679873642e-07,-4.7308449676406826e-08,-9.650923733986994e-09,-7.587560852945848e-07,-0.09237665313026192,-3981.617598110953
67.2,-1.5952976532159172e-07,-3.9781338470165204e-08,-8.115393047913702e-09,-7.624253037984306e-07,-0.09244572812616045,-3985.229919194394
